{
"lengthUnit": "mil",
"remark": [],
"components": {
	"fields": ["COMPONENT_NO", "COMPONENT_NAME", "LAYER", "X_COORDINATE", "Y_COORDINATE", "ANGLE"],
	"rows": [
		[1, "H9", "T", 1070, 1730, 270],
		[2, "HX1", "T", 160, 1730, 180],
		[3, "LED1", "T", 190, 2445, 0],
		[4, "ON", "T", -790, -805, 270],
		[5, "PYRO-1", "T", 710, 3195, 180],
		[6, "PYRO-2", "T", -270, 3195, 180],
		[7, "PYRO-3", "T", -1010, 2855, 270],
		[8, "PYRO-4", "T", 1310, 2845, 90],
		[9, "R35", "T", 685, 2515, 90],
		[10, "R37", "T", -230, 2510, 270],
		[11, "R38", "T", -355, 2510, 90],
		[12, "R39", "T", 800, 2515, 270],
		[13, "R40", "T", -620, 2275, 90],
		[14, "R41", "T", -765, 2275, 270],
		[15, "R42", "T", 1165, 2415, 90],
		[16, "R43", "T", 1045, 2420, 270],
		[17, "R44", "T", -220, 315, 270],
		[18, "R45", "T", -100, 405, 270],
		[19, "R46", "T", 30, 480, 270],
		[20, "SCREW1", "T", -972.5197, -1254.5276, 0],
		[21, "SCREW2", "T", -972.5197, 3157.5197, 0],
		[22, "SCREW3", "T", 1271.5748, 3157.5197, 0],
		[23, "SCREW4", "T", 1271.5748, -1254.5276, 0],
		[24, "U1", "T", 0, 55, 0],
		[25, "U3", "T", 190, 2985, 90],
		[26, "U4", "T", 955, -795, 90],
		[27, "U5", "T", 1155, -25, 270],
		[28, "U6", "T", 955, 845, 0],
		[29, "U10", "T", 640, 2920, 180],
		[30, "U11", "T", -335, 2895, 180],
		[31, "U21", "T", -670, 2770, 90],
		[32, "U23", "T", 1025, 2915, 90],
		[33, "PAD1", "T", -450, 955, 0],
		[34, "PAD1", "B", -450, 955, 0],
		[35, "PAD2", "T", -450, 355, 0],
		[36, "PAD2", "B", -450, 355, 0],
		[37, "PAD3", "T", -450, 255, 0],
		[38, "PAD3", "B", -450, 255, 0],
		[39, "PAD4", "T", -450, 155, 0],
		[40, "PAD4", "B", -450, 155, 0],
		[41, "PAD5", "T", -450, 55, 0],
		[42, "PAD5", "B", -450, 55, 0],
		[43, "PAD6", "T", -450, -45, 0],
		[44, "PAD6", "B", -450, -45, 0],
		[45, "PAD7", "T", -450, -145, 0],
		[46, "PAD7", "B", -450, -145, 0],
		[47, "PAD8", "T", -450, -345, 0],
		[48, "PAD8", "B", -450, -345, 0],
		[49, "PAD9", "T", -450, -445, 0],
		[50, "PAD9", "B", -450, -445, 0],
		[51, "PAD10", "T", -450, -845, 0],
		[52, "PAD10", "B", -450, -845, 0],
		[53, "PAD11", "T", 450, 955, 0],
		[54, "PAD11", "B", 450, 955, 0],
		[55, "PAD12", "T", 450, 855, 0],
		[56, "PAD12", "B", 450, 855, 0],
		[57, "PAD13", "T", 450, 755, 0],
		[58, "PAD13", "B", 450, 755, 0],
		[59, "PAD14", "T", 450, 455, 0],
		[60, "PAD14", "B", 450, 455, 0],
		[61, "PAD15", "T", 450, 355, 0],
		[62, "PAD15", "B", 450, 355, 0],
		[63, "PAD16", "T", 450, 255, 0],
		[64, "PAD16", "B", 450, 255, 0],
		[65, "PAD17", "T", 450, 155, 0],
		[66, "PAD17", "B", 450, 155, 0],
		[67, "PAD18", "T", 450, 55, 0],
		[68, "PAD18", "B", 450, 55, 0],
		[69, "PAD19", "T", 450, -45, 0],
		[70, "PAD19", "B", 450, -45, 0],
		[71, "PAD20", "T", 450, -145, 0],
		[72, "PAD20", "B", 450, -145, 0],
		[73, "PAD21", "T", 450, -245, 0],
		[74, "PAD21", "B", 450, -245, 0],
		[75, "PAD22", "T", 190, 2843.27, 0],
		[76, "PAD22", "B", 190, 2843.27, 0],
		[77, "PAD23", "T", 190, 3126.73, 0],
		[78, "PAD23", "B", 190, 3126.73, 0],
		[79, "PAD24", "T", 1269.964, -1070.594, 0],
		[80, "PAD25", "T", 1269.964, -991.854, 0],
		[81, "PAD26", "T", 1269.964, -913.114, 0],
		[82, "PAD27", "T", 1269.964, -834.374, 0],
		[83, "PAD28", "T", 1269.964, -755.634, 0],
		[84, "PAD29", "T", 640.044, -519.414, 0],
		[85, "PAD30", "T", 640.044, -755.634, 0],
		[86, "PAD31", "T", 640.044, -834.374, 0],
		[87, "PAD32", "T", 640.044, -913.114, 0],
		[88, "PAD33", "T", 640.044, -991.794, 0],
		[89, "PAD34", "T", 640.044, -1070.594, 0],
		[90, "PAD35", "T", 1155, -25, 0],
		[91, "PAD35", "B", 1155, -25, 0],
		[92, "PAD36", "T", 1155, -125, 0],
		[93, "PAD36", "B", 1155, -125, 0],
		[94, "PAD37", "T", 1155, -225, 0],
		[95, "PAD37", "B", 1155, -225, 0],
		[96, "PAD38", "T", 1155, -325, 0],
		[97, "PAD38", "B", 1155, -325, 0],
		[98, "PAD39", "T", 1218.392, 896.709, 0],
		[99, "PAD39", "B", 1218.392, 896.709, 0],
		[100, "PAD40", "T", 1218.392, 996.709, 0],
		[101, "PAD40", "B", 1218.392, 996.709, 0],
		[102, "PAD41", "T", 1218.392, 1096.709, 0],
		[103, "PAD41", "B", 1218.392, 1096.709, 0],
		[104, "PAD42", "T", 1218.392, 1196.709, 0],
		[105, "PAD42", "B", 1218.392, 1196.709, 0],
		[106, "PAD43", "T", -201.105, 3195, 0],
		[107, "PAD43", "B", -201.105, 3195, 0],
		[108, "PAD44", "T", -338.895, 3195, 0],
		[109, "PAD44", "B", -338.895, 3195, 0],
		[110, "PAD45", "T", 778.895, 3195, 0],
		[111, "PAD45", "B", 778.895, 3195, 0],
		[112, "PAD46", "T", 641.105, 3195, 0],
		[113, "PAD46", "B", 641.105, 3195, 0],
		[114, "PAD47", "T", 740, 2919.999, 0],
		[115, "PAD47", "B", 740, 2919.999, 0],
		[116, "PAD48", "T", 540, 2919.999, 0],
		[117, "PAD48", "B", 540, 2919.999, 0],
		[118, "PAD49", "T", 640, 2919.999, 0],
		[119, "PAD49", "B", 640, 2919.999, 0],
		[120, "PAD50", "T", -235, 2894.999, 0],
		[121, "PAD50", "B", -235, 2894.999, 0],
		[122, "PAD51", "T", -435, 2894.999, 0],
		[123, "PAD51", "B", -435, 2894.999, 0],
		[124, "PAD52", "T", -335, 2894.999, 0],
		[125, "PAD52", "B", -335, 2894.999, 0],
		[126, "PAD53", "T", 685, 2318.1496, 0],
		[127, "PAD53", "B", 685, 2318.1496, 0],
		[128, "PAD54", "T", 685, 2711.8504, 0],
		[129, "PAD54", "B", 685, 2711.8504, 0],
		[130, "PAD55", "T", -230, 2706.8504, 0],
		[131, "PAD55", "B", -230, 2706.8504, 0],
		[132, "PAD56", "T", -230, 2313.1496, 0],
		[133, "PAD56", "B", -230, 2313.1496, 0],
		[134, "PAD57", "T", -355, 2313.1496, 0],
		[135, "PAD57", "B", -355, 2313.1496, 0],
		[136, "PAD58", "T", -355, 2706.8504, 0],
		[137, "PAD58", "B", -355, 2706.8504, 0],
		[138, "PAD59", "T", 800, 2711.8504, 0],
		[139, "PAD59", "B", 800, 2711.8504, 0],
		[140, "PAD60", "T", 800, 2318.1496, 0],
		[141, "PAD60", "B", 800, 2318.1496, 0],
		[142, "PAD61", "T", -898.27, -805, 0],
		[143, "PAD62", "T", -681.73, -903.425, 0],
		[144, "PAD63", "T", 1070, 1480, 0],
		[145, "PAD63", "B", 1070, 1480, 0],
		[146, "PAD64", "T", 1070, 1580, 0],
		[147, "PAD64", "B", 1070, 1580, 0],
		[148, "PAD65", "T", 1070, 1680, 0],
		[149, "PAD65", "B", 1070, 1680, 0],
		[150, "PAD66", "T", 1070, 1780, 0],
		[151, "PAD66", "B", 1070, 1780, 0],
		[152, "PAD67", "T", 1070, 1880, 0],
		[153, "PAD67", "B", 1070, 1880, 0],
		[154, "PAD68", "T", 1070, 1980, 0],
		[155, "PAD68", "B", 1070, 1980, 0],
		[156, "PAD69", "T", -291.1811, 1580, 0],
		[157, "PAD69", "B", -291.1811, 1580, 0],
		[158, "PAD70", "T", -291.1811, 1680, 0],
		[159, "PAD70", "B", -291.1811, 1680, 0],
		[160, "PAD71", "T", -291.1811, 1780, 0],
		[161, "PAD71", "B", -291.1811, 1780, 0],
		[162, "PAD72", "T", -291.1811, 1880, 0],
		[163, "PAD72", "B", -291.1811, 1880, 0],
		[164, "PAD73", "T", 708.8192, 1980.0002, 0],
		[165, "PAD73", "B", 708.8192, 1980.0002, 0],
		[166, "PAD74", "T", 708.8192, 1880.0002, 0],
		[167, "PAD74", "B", 708.8192, 1880.0002, 0],
		[168, "PAD75", "T", 708.8192, 1780.0002, 0],
		[169, "PAD75", "B", 708.8192, 1780.0002, 0],
		[170, "PAD76", "T", 708.8192, 1680.0002, 0],
		[171, "PAD76", "B", 708.8192, 1680.0002, 0],
		[172, "PAD77", "T", 708.8192, 1580.0002, 0],
		[173, "PAD77", "B", 708.8192, 1580.0002, 0],
		[174, "PAD78", "T", 708.8192, 1480.0002, 0],
		[175, "PAD78", "B", 708.8192, 1480.0002, 0],
		[176, "PAD79", "T", 266.77, 2445, 0],
		[177, "PAD79", "B", 266.77, 2445, 0],
		[178, "PAD80", "T", 215.59, 2445, 0],
		[179, "PAD80", "B", 215.59, 2445, 0],
		[180, "PAD81", "T", 164.41, 2445, 0],
		[181, "PAD81", "B", 164.41, 2445, 0],
		[182, "PAD82", "T", 113.23, 2445, 0],
		[183, "PAD82", "B", 113.23, 2445, 0],
		[184, "PAD83", "T", -620, 2078.1496, 0],
		[185, "PAD83", "B", -620, 2078.1496, 0],
		[186, "PAD84", "T", -620, 2471.8504, 0],
		[187, "PAD84", "B", -620, 2471.8504, 0],
		[188, "PAD85", "T", -765, 2471.8504, 0],
		[189, "PAD85", "B", -765, 2471.8504, 0],
		[190, "PAD86", "T", -765, 2078.1496, 0],
		[191, "PAD86", "B", -765, 2078.1496, 0],
		[192, "PAD87", "T", 1165, 2218.1496, 0],
		[193, "PAD87", "B", 1165, 2218.1496, 0],
		[194, "PAD88", "T", 1165, 2611.8504, 0],
		[195, "PAD88", "B", 1165, 2611.8504, 0],
		[196, "PAD89", "T", 1045, 2616.8504, 0],
		[197, "PAD89", "B", 1045, 2616.8504, 0],
		[198, "PAD90", "T", 1045, 2223.1496, 0],
		[199, "PAD90", "B", 1045, 2223.1496, 0],
		[200, "PAD91", "T", -1010, 2923.895, 0],
		[201, "PAD91", "B", -1010, 2923.895, 0],
		[202, "PAD92", "T", -1010, 2786.105, 0],
		[203, "PAD92", "B", -1010, 2786.105, 0],
		[204, "PAD93", "T", -670.001, 2670, 0],
		[205, "PAD93", "B", -670.001, 2670, 0],
		[206, "PAD94", "T", -670.001, 2870, 0],
		[207, "PAD94", "B", -670.001, 2870, 0],
		[208, "PAD95", "T", -670.001, 2770, 0],
		[209, "PAD95", "B", -670.001, 2770, 0],
		[210, "PAD96", "T", 1310, 2776.105, 0],
		[211, "PAD96", "B", 1310, 2776.105, 0],
		[212, "PAD97", "T", 1310, 2913.895, 0],
		[213, "PAD97", "B", 1310, 2913.895, 0],
		[214, "PAD98", "T", 1024.999, 2815, 0],
		[215, "PAD98", "B", 1024.999, 2815, 0],
		[216, "PAD99", "T", 1024.999, 3015, 0],
		[217, "PAD99", "B", 1024.999, 3015, 0],
		[218, "PAD100", "T", 1024.999, 2915, 0],
		[219, "PAD100", "B", 1024.999, 2915, 0],
		[220, "PAD101", "T", -100, 601.8504, 0],
		[221, "PAD101", "B", -100, 601.8504, 0],
		[222, "PAD102", "T", -100, 208.1496, 0],
		[223, "PAD102", "B", -100, 208.1496, 0],
		[224, "PAD103", "T", 30, 676.8504, 0],
		[225, "PAD103", "B", 30, 676.8504, 0],
		[226, "PAD104", "T", 30, 283.1496, 0],
		[227, "PAD104", "B", 30, 283.1496, 0],
		[228, "PAD105", "T", -220, 511.8504, 0],
		[229, "PAD105", "B", -220, 511.8504, 0],
		[230, "PAD106", "T", -220, 118.1496, 0],
		[231, "PAD106", "B", -220, 118.1496, 0]
	]
},
"pins": {
	"fields": ["PIN_NO", "PIN_NAME", "PIN_X", "PIN_Y", "LAYER", "PIN_TYPE", "NET_NAME", "NET_TYPE", "PAD_SHAPE", "PAD_SIZEX", "PAD_SIZEY", "HOLE_SIZE", "HOLE_LEN", "PAD_ANGLE"],
	"rows": [
		[1, "H9_1", 1070, 1980, "T", "DIP", "$1N5566", "", "R", 70.866, 70.866, 47.244, 47.244, 270],
		[2, "H9_1", 1070, 1980, "B", "DIP", "$1N5566", "", "R", 70.866, 70.866, 47.244, 47.244, 270],
		[3, "H9_2", 1070, 1880, "T", "DIP", "$1N5568", "", "C", 70.866, 70.866, 47.244, 47.244, 270],
		[4, "H9_2", 1070, 1880, "B", "DIP", "$1N5568", "", "C", 70.866, 70.866, 47.244, 47.244, 270],
		[5, "H9_3", 1070, 1780, "T", "DIP", "$1N5570", "", "C", 70.866, 70.866, 47.244, 47.244, 270],
		[6, "H9_3", 1070, 1780, "B", "DIP", "$1N5570", "", "C", 70.866, 70.866, 47.244, 47.244, 270],
		[7, "H9_4", 1070, 1680, "T", "DIP", "$1N5572", "", "C", 70.866, 70.866, 47.244, 47.244, 270],
		[8, "H9_4", 1070, 1680, "B", "DIP", "$1N5572", "", "C", 70.866, 70.866, 47.244, 47.244, 270],
		[9, "H9_5", 1070, 1580, "T", "DIP", "$1N5574", "", "C", 70.866, 70.866, 47.244, 47.244, 270],
		[10, "H9_5", 1070, 1580, "B", "DIP", "$1N5574", "", "C", 70.866, 70.866, 47.244, 47.244, 270],
		[11, "H9_6", 1070, 1480, "T", "DIP", "$1N5576", "", "C", 70.866, 70.866, 47.244, 47.244, 270],
		[12, "H9_6", 1070, 1480, "B", "DIP", "$1N5576", "", "C", 70.866, 70.866, 47.244, 47.244, 270],
		[13, "HX1_1", 708.8192, 1480.0002, "T", "DIP", "$1N5576", "", "C", 78.7402, 78.7402, 39.3701, 39.3701, 0],
		[14, "HX1_1", 708.8192, 1480.0002, "B", "DIP", "$1N5576", "", "C", 78.7402, 78.7402, 39.3701, 39.3701, 0],
		[15, "HX1_2", 708.8192, 1580.0002, "T", "DIP", "$1N5574", "", "C", 78.7402, 78.7402, 39.3701, 39.3701, 0],
		[16, "HX1_2", 708.8192, 1580.0002, "B", "DIP", "$1N5574", "", "C", 78.7402, 78.7402, 39.3701, 39.3701, 0],
		[17, "HX1_3", 708.8192, 1680.0002, "T", "DIP", "$1N5572", "", "C", 78.7402, 78.7402, 39.3701, 39.3701, 0],
		[18, "HX1_3", 708.8192, 1680.0002, "B", "DIP", "$1N5572", "", "C", 78.7402, 78.7402, 39.3701, 39.3701, 0],
		[19, "HX1_4", 708.8192, 1780.0002, "T", "DIP", "$1N5570", "", "C", 78.7402, 78.7402, 39.3701, 39.3701, 0],
		[20, "HX1_4", 708.8192, 1780.0002, "B", "DIP", "$1N5570", "", "C", 78.7402, 78.7402, 39.3701, 39.3701, 0],
		[21, "HX1_5", 708.8192, 1880.0002, "T", "DIP", "$1N5568", "", "C", 78.7402, 78.7402, 39.3701, 39.3701, 0],
		[22, "HX1_5", 708.8192, 1880.0002, "B", "DIP", "$1N5568", "", "C", 78.7402, 78.7402, 39.3701, 39.3701, 0],
		[23, "HX1_6", 708.8192, 1980.0002, "T", "DIP", "$1N5566", "", "C", 78.7402, 78.7402, 39.3701, 39.3701, 0],
		[24, "HX1_6", 708.8192, 1980.0002, "B", "DIP", "$1N5566", "", "C", 78.7402, 78.7402, 39.3701, 39.3701, 0],
		[25, "HX1_7", -291.1811, 1880, "T", "DIP", "3V3", "", "R", 78.7402, 74, 39.3701, 39.3701, 180],
		[26, "HX1_7", -291.1811, 1880, "B", "DIP", "3V3", "", "R", 78.7402, 74, 39.3701, 39.3701, 180],
		[27, "HX1_8", -291.1811, 1780, "T", "DIP", "HX_SCK", "", "C", 78.7402, 78.7402, 39.3701, 39.3701, 180],
		[28, "HX1_8", -291.1811, 1780, "B", "DIP", "HX_SCK", "", "C", 78.7402, 78.7402, 39.3701, 39.3701, 180],
		[29, "HX1_9", -291.1811, 1680, "T", "DIP", "HX_DT", "", "C", 78.7402, 78.7402, 39.3701, 39.3701, 180],
		[30, "HX1_9", -291.1811, 1680, "B", "DIP", "HX_DT", "", "C", 78.7402, 78.7402, 39.3701, 39.3701, 180],
		[31, "HX1_10", -291.1811, 1580, "T", "DIP", "GND", "GND", "C", 78.7402, 78.7402, 39.3701, 39.3701, 180],
		[32, "HX1_10", -291.1811, 1580, "B", "DIP", "GND", "GND", "C", 78.7402, 78.7402, 39.3701, 39.3701, 180],
		[33, "LED1_1", 266.77, 2445, "T", "DIP", "$1N7678", "", "C", 39.37, 39.37, 27.56, 27.56, 0],
		[34, "LED1_1", 266.77, 2445, "B", "DIP", "$1N7678", "", "C", 39.37, 39.37, 27.56, 27.56, 0],
		[35, "LED1_2", 215.59, 2445, "T", "DIP", "GND", "GND", "C", 39.37, 39.37, 27.56, 27.56, 0],
		[36, "LED1_2", 215.59, 2445, "B", "DIP", "GND", "GND", "C", 39.37, 39.37, 27.56, 27.56, 0],
		[37, "LED1_3", 164.41, 2445, "T", "DIP", "$1N7635", "", "C", 39.37, 39.37, 27.56, 27.56, 0],
		[38, "LED1_3", 164.41, 2445, "B", "DIP", "$1N7635", "", "C", 39.37, 39.37, 27.56, 27.56, 0],
		[39, "LED1_4", 113.23, 2445, "T", "DIP", "$1N7586", "", "C", 39.37, 39.37, 27.56, 27.56, 0],
		[40, "LED1_4", 113.23, 2445, "B", "DIP", "$1N7586", "", "C", 39.37, 39.37, 27.56, 27.56, 0],
		[41, "ON_1", -898.27, -706.575, "T", "SMD", "NET_1", "", "R", 47.244, 98.425, 0, 0, 270],
		[42, "ON_2", -898.27, -805, "T", "SMD", "VCC", "", "R", 47.244, 98.425, 0, 0, 270],
		[43, "ON_3", -898.27, -903.425, "T", "SMD", "NET_2", "", "R", 47.244, 98.425, 0, 0, 270],
		[44, "ON_4", -681.73, -706.575, "T", "SMD", "NET_3", "", "R", 47.244, 98.425, 0, 0, 270],
		[45, "ON_5", -681.73, -805, "T", "SMD", "NET_4", "", "R", 47.244, 98.425, 0, 0, 270],
		[46, "ON_6", -681.73, -903.425, "T", "SMD", "$1N5437", "", "R", 47.244, 98.425, 0, 0, 270],
		[47, "PYRO-1_1", 778.895, 3195, "T", "DIP", "VCC", "", "C", 70.866, 70.866, 43.308, 43.308, 180],
		[48, "PYRO-1_1", 778.895, 3195, "B", "DIP", "VCC", "", "C", 70.866, 70.866, 43.308, 43.308, 180],
		[49, "PYRO-1_2", 641.105, 3195, "T", "DIP", "$1N2471", "", "C", 70.866, 70.866, 43.308, 43.308, 180],
		[50, "PYRO-1_2", 641.105, 3195, "B", "DIP", "$1N2471", "", "C", 70.866, 70.866, 43.308, 43.308, 180],
		[51, "PYRO-2_1", -201.105, 3195, "T", "DIP", "VCC", "", "C", 70.866, 70.866, 43.308, 43.308, 180],
		[52, "PYRO-2_1", -201.105, 3195, "B", "DIP", "VCC", "", "C", 70.866, 70.866, 43.308, 43.308, 180],
		[53, "PYRO-2_2", -338.895, 3195, "T", "DIP", "$1N2468", "", "C", 70.866, 70.866, 43.308, 43.308, 180],
		[54, "PYRO-2_2", -338.895, 3195, "B", "DIP", "$1N2468", "", "C", 70.866, 70.866, 43.308, 43.308, 180],
		[55, "PYRO-3_1", -1010, 2923.895, "T", "DIP", "VCC", "", "C", 70.866, 70.866, 43.308, 43.308, 270],
		[56, "PYRO-3_1", -1010, 2923.895, "B", "DIP", "VCC", "", "C", 70.866, 70.866, 43.308, 43.308, 270],
		[57, "PYRO-3_2", -1010, 2786.105, "T", "DIP", "$1N6959", "", "C", 70.866, 70.866, 43.308, 43.308, 270],
		[58, "PYRO-3_2", -1010, 2786.105, "B", "DIP", "$1N6959", "", "C", 70.866, 70.866, 43.308, 43.308, 270],
		[59, "PYRO-4_1", 1310, 2776.105, "T", "DIP", "$1N7148", "", "C", 70.866, 70.866, 43.308, 43.308, 90],
		[60, "PYRO-4_1", 1310, 2776.105, "B", "DIP", "$1N7148", "", "C", 70.866, 70.866, 43.308, 43.308, 90],
		[61, "PYRO-4_2", 1310, 2913.895, "T", "DIP", "VCC", "", "C", 70.866, 70.866, 43.308, 43.308, 90],
		[62, "PYRO-4_2", 1310, 2913.895, "B", "DIP", "VCC", "", "C", 70.866, 70.866, 43.308, 43.308, 90],
		[63, "R35_1", 685, 2318.1496, "T", "DIP", "PYRO_SIG_1", "", "C", 78.7402, 78.7402, 35.4331, 35.4331, 90],
		[64, "R35_1", 685, 2318.1496, "B", "DIP", "PYRO_SIG_1", "", "C", 78.7402, 78.7402, 35.4331, 35.4331, 90],
		[65, "R35_2", 685, 2711.8504, "T", "DIP", "$1N2463", "", "C", 78.7402, 78.7402, 35.4331, 35.4331, 90],
		[66, "R35_2", 685, 2711.8504, "B", "DIP", "$1N2463", "", "C", 78.7402, 78.7402, 35.4331, 35.4331, 90],
		[67, "R37_1", -230, 2706.8504, "T", "DIP", "$1N2464", "", "C", 78.7402, 78.7402, 35.4331, 35.4331, 270],
		[68, "R37_1", -230, 2706.8504, "B", "DIP", "$1N2464", "", "C", 78.7402, 78.7402, 35.4331, 35.4331, 270],
		[69, "R37_2", -230, 2313.1496, "T", "DIP", "PYRO_SIG_2", "", "C", 78.7402, 78.7402, 35.4331, 35.4331, 270],
		[70, "R37_2", -230, 2313.1496, "B", "DIP", "PYRO_SIG_2", "", "C", 78.7402, 78.7402, 35.4331, 35.4331, 270],
		[71, "R38_1", -355, 2313.1496, "T", "DIP", "GND", "GND", "C", 78.7402, 78.7402, 35.4331, 35.4331, 90],
		[72, "R38_1", -355, 2313.1496, "B", "DIP", "GND", "GND", "C", 78.7402, 78.7402, 35.4331, 35.4331, 90],
		[73, "R38_2", -355, 2706.8504, "T", "DIP", "$1N2464", "", "C", 78.7402, 78.7402, 35.4331, 35.4331, 90],
		[74, "R38_2", -355, 2706.8504, "B", "DIP", "$1N2464", "", "C", 78.7402, 78.7402, 35.4331, 35.4331, 90],
		[75, "R39_1", 800, 2711.8504, "T", "DIP", "$1N2463", "", "C", 78.7402, 78.7402, 35.4331, 35.4331, 270],
		[76, "R39_1", 800, 2711.8504, "B", "DIP", "$1N2463", "", "C", 78.7402, 78.7402, 35.4331, 35.4331, 270],
		[77, "R39_2", 800, 2318.1496, "T", "DIP", "GND", "GND", "C", 78.7402, 78.7402, 35.4331, 35.4331, 270],
		[78, "R39_2", 800, 2318.1496, "B", "DIP", "GND", "GND", "C", 78.7402, 78.7402, 35.4331, 35.4331, 270],
		[79, "R40_1", -620, 2078.1496, "T", "DIP", "PYRO_SIG_3", "", "C", 78.7402, 78.7402, 35.4331, 35.4331, 90],
		[80, "R40_1", -620, 2078.1496, "B", "DIP", "PYRO_SIG_3", "", "C", 78.7402, 78.7402, 35.4331, 35.4331, 90],
		[81, "R40_2", -620, 2471.8504, "T", "DIP", "$1N6957", "", "C", 78.7402, 78.7402, 35.4331, 35.4331, 90],
		[82, "R40_2", -620, 2471.8504, "B", "DIP", "$1N6957", "", "C", 78.7402, 78.7402, 35.4331, 35.4331, 90],
		[83, "R41_1", -765, 2471.8504, "T", "DIP", "$1N6957", "", "C", 78.7402, 78.7402, 35.4331, 35.4331, 270],
		[84, "R41_1", -765, 2471.8504, "B", "DIP", "$1N6957", "", "C", 78.7402, 78.7402, 35.4331, 35.4331, 270],
		[85, "R41_2", -765, 2078.1496, "T", "DIP", "GND", "GND", "C", 78.7402, 78.7402, 35.4331, 35.4331, 270],
		[86, "R41_2", -765, 2078.1496, "B", "DIP", "GND", "GND", "C", 78.7402, 78.7402, 35.4331, 35.4331, 270],
		[87, "R42_1", 1165, 2218.1496, "T", "DIP", "PYRO_SIG_4", "", "C", 78.7402, 78.7402, 35.4331, 35.4331, 90],
		[88, "R42_1", 1165, 2218.1496, "B", "DIP", "PYRO_SIG_4", "", "C", 78.7402, 78.7402, 35.4331, 35.4331, 90],
		[89, "R42_2", 1165, 2611.8504, "T", "DIP", "$1N7146", "", "C", 78.7402, 78.7402, 35.4331, 35.4331, 90],
		[90, "R42_2", 1165, 2611.8504, "B", "DIP", "$1N7146", "", "C", 78.7402, 78.7402, 35.4331, 35.4331, 90],
		[91, "R43_1", 1045, 2616.8504, "T", "DIP", "$1N7146", "", "C", 78.7402, 78.7402, 35.4331, 35.4331, 270],
		[92, "R43_1", 1045, 2616.8504, "B", "DIP", "$1N7146", "", "C", 78.7402, 78.7402, 35.4331, 35.4331, 270],
		[93, "R43_2", 1045, 2223.1496, "T", "DIP", "GND", "GND", "C", 78.7402, 78.7402, 35.4331, 35.4331, 270],
		[94, "R43_2", 1045, 2223.1496, "B", "DIP", "GND", "GND", "C", 78.7402, 78.7402, 35.4331, 35.4331, 270],
		[95, "R44_1", -220, 511.8504, "T", "DIP", "$1N7586", "", "C", 78.7402, 78.7402, 35.4331, 35.4331, 270],
		[96, "R44_1", -220, 511.8504, "B", "DIP", "$1N7586", "", "C", 78.7402, 78.7402, 35.4331, 35.4331, 270],
		[97, "R44_2", -220, 118.1496, "T", "DIP", "LED_R", "", "C", 78.7402, 78.7402, 35.4331, 35.4331, 270],
		[98, "R44_2", -220, 118.1496, "B", "DIP", "LED_R", "", "C", 78.7402, 78.7402, 35.4331, 35.4331, 270],
		[99, "R45_1", -100, 601.8504, "T", "DIP", "$1N7635", "", "C", 78.7402, 78.7402, 35.4331, 35.4331, 270],
		[100, "R45_1", -100, 601.8504, "B", "DIP", "$1N7635", "", "C", 78.7402, 78.7402, 35.4331, 35.4331, 270],
		[101, "R45_2", -100, 208.1496, "T", "DIP", "LED_G", "", "C", 78.7402, 78.7402, 35.4331, 35.4331, 270],
		[102, "R45_2", -100, 208.1496, "B", "DIP", "LED_G", "", "C", 78.7402, 78.7402, 35.4331, 35.4331, 270],
		[103, "R46_1", 30, 676.8504, "T", "DIP", "$1N7678", "", "C", 78.7402, 78.7402, 35.4331, 35.4331, 270],
		[104, "R46_1", 30, 676.8504, "B", "DIP", "$1N7678", "", "C", 78.7402, 78.7402, 35.4331, 35.4331, 270],
		[105, "R46_2", 30, 283.1496, "T", "DIP", "LED_B", "", "C", 78.7402, 78.7402, 35.4331, 35.4331, 270],
		[106, "R46_2", 30, 283.1496, "B", "DIP", "LED_B", "", "C", 78.7402, 78.7402, 35.4331, 35.4331, 270],
		[107, "SCREW1_1", -972.5197, -1254.5276, "T", "DIP", "NET_5", "", "C", 157.4803, 157.4803, 78.7402, 78.7402, 0],
		[108, "SCREW1_1", -972.5197, -1254.5276, "B", "DIP", "NET_5", "", "C", 157.4803, 157.4803, 78.7402, 78.7402, 0],
		[109, "SCREW2_1", -972.5197, 3157.5197, "T", "DIP", "NET_6", "", "C", 157.4803, 157.4803, 78.7402, 78.7402, 0],
		[110, "SCREW2_1", -972.5197, 3157.5197, "B", "DIP", "NET_6", "", "C", 157.4803, 157.4803, 78.7402, 78.7402, 0],
		[111, "SCREW3_1", 1271.5748, 3157.5197, "T", "DIP", "NET_7", "", "C", 157.4803, 157.4803, 78.7402, 78.7402, 0],
		[112, "SCREW3_1", 1271.5748, 3157.5197, "B", "DIP", "NET_7", "", "C", 157.4803, 157.4803, 78.7402, 78.7402, 0],
		[113, "SCREW4_1", 1271.5748, -1254.5276, "T", "DIP", "NET_8", "", "C", 157.4803, 157.4803, 78.7402, 78.7402, 0],
		[114, "SCREW4_1", 1271.5748, -1254.5276, "B", "DIP", "NET_8", "", "C", 157.4803, 157.4803, 78.7402, 78.7402, 0],
		[115, "U1_1", -450, 955, "T", "DIP", "3V3", "", "C", 59.0551, 59.0551, 41, 41, 0],
		[116, "U1_1", -450, 955, "B", "DIP", "3V3", "", "C", 59.0551, 59.0551, 41, 41, 0],
		[117, "U1_2", -450, 855, "T", "DIP", "NET_9", "", "C", 59.0551, 59.0551, 41, 41, 0],
		[118, "U1_2", -450, 855, "B", "DIP", "NET_9", "", "C", 59.0551, 59.0551, 41, 41, 0],
		[119, "U1_3", -450, 755, "T", "DIP", "NET_10", "", "C", 59.0551, 59.0551, 41, 41, 0],
		[120, "U1_3", -450, 755, "B", "DIP", "NET_10", "", "C", 59.0551, 59.0551, 41, 41, 0],
		[121, "U1_4", -450, 655, "T", "DIP", "NET_11", "", "C", 59.0551, 59.0551, 41, 41, 0],
		[122, "U1_4", -450, 655, "B", "DIP", "NET_11", "", "C", 59.0551, 59.0551, 41, 41, 0],
		[123, "U1_5", -450, 555, "T", "DIP", "NET_12", "", "C", 59.0551, 59.0551, 41, 41, 0],
		[124, "U1_5", -450, 555, "B", "DIP", "NET_12", "", "C", 59.0551, 59.0551, 41, 41, 0],
		[125, "U1_6", -450, 455, "T", "DIP", "NET_13", "", "C", 59.0551, 59.0551, 41, 41, 0],
		[126, "U1_6", -450, 455, "B", "DIP", "NET_13", "", "C", 59.0551, 59.0551, 41, 41, 0],
		[127, "U1_7", -450, 355, "T", "DIP", "PYRO_SIG_2", "", "C", 59.0551, 59.0551, 41, 41, 0],
		[128, "U1_7", -450, 355, "B", "DIP", "PYRO_SIG_2", "", "C", 59.0551, 59.0551, 41, 41, 0],
		[129, "U1_8", -450, 255, "T", "DIP", "PYRO_SIG_3", "", "C", 59.0551, 59.0551, 41, 41, 0],
		[130, "U1_8", -450, 255, "B", "DIP", "PYRO_SIG_3", "", "C", 59.0551, 59.0551, 41, 41, 0],
		[131, "U1_9", -450, 155, "T", "DIP", "PYRO_SIG_1", "", "C", 59.0551, 59.0551, 41, 41, 0],
		[132, "U1_9", -450, 155, "B", "DIP", "PYRO_SIG_1", "", "C", 59.0551, 59.0551, 41, 41, 0],
		[133, "U1_10", -450, 55, "T", "DIP", "PYRO_SIG_4", "", "C", 59.0551, 59.0551, 41, 41, 0],
		[134, "U1_10", -450, 55, "B", "DIP", "PYRO_SIG_4", "", "C", 59.0551, 59.0551, 41, 41, 0],
		[135, "U1_11", -450, -45, "T", "DIP", "LED_R", "", "C", 59.0551, 59.0551, 41, 41, 0],
		[136, "U1_11", -450, -45, "B", "DIP", "LED_R", "", "C", 59.0551, 59.0551, 41, 41, 0],
		[137, "U1_12", -450, -145, "T", "DIP", "LED_G", "", "C", 59.0551, 59.0551, 41, 41, 0],
		[138, "U1_12", -450, -145, "B", "DIP", "LED_G", "", "C", 59.0551, 59.0551, 41, 41, 0],
		[139, "U1_13", -450, -245, "T", "DIP", "NET_14", "", "C", 59.0551, 59.0551, 41, 41, 0],
		[140, "U1_13", -450, -245, "B", "DIP", "NET_14", "", "C", 59.0551, 59.0551, 41, 41, 0],
		[141, "U1_14", -450, -345, "T", "DIP", "LED_B", "", "C", 59.0551, 59.0551, 41, 41, 0],
		[142, "U1_14", -450, -345, "B", "DIP", "LED_B", "", "C", 59.0551, 59.0551, 41, 41, 0],
		[143, "U1_15", -450, -445, "T", "DIP", "DIO0", "", "C", 59.0551, 59.0551, 41, 41, 0],
		[144, "U1_15", -450, -445, "B", "DIP", "DIO0", "", "C", 59.0551, 59.0551, 41, 41, 0],
		[145, "U1_16", -450, -545, "T", "DIP", "NET_15", "", "C", 59.0551, 59.0551, 41, 41, 0],
		[146, "U1_16", -450, -545, "B", "DIP", "NET_15", "", "C", 59.0551, 59.0551, 41, 41, 0],
		[147, "U1_17", -450, -645, "T", "DIP", "NET_16", "", "C", 59.0551, 59.0551, 41, 41, 0],
		[148, "U1_17", -450, -645, "B", "DIP", "NET_16", "", "C", 59.0551, 59.0551, 41, 41, 0],
		[149, "U1_18", -450, -745, "T", "DIP", "NET_17", "", "C", 59.0551, 59.0551, 41, 41, 0],
		[150, "U1_18", -450, -745, "B", "DIP", "NET_17", "", "C", 59.0551, 59.0551, 41, 41, 0],
		[151, "U1_19", -450, -845, "T", "DIP", "$1N5437", "", "C", 59.0551, 59.0551, 41, 41, 0],
		[152, "U1_19", -450, -845, "B", "DIP", "$1N5437", "", "C", 59.0551, 59.0551, 41, 41, 0],
		[153, "U1_20", 450, -845, "T", "DIP", "NET_18", "", "C", 59.0551, 59.0551, 41, 41, 0],
		[154, "U1_20", 450, -845, "B", "DIP", "NET_18", "", "C", 59.0551, 59.0551, 41, 41, 0],
		[155, "U1_21", 450, -745, "T", "DIP", "NET_19", "", "C", 59.0551, 59.0551, 41, 41, 0],
		[156, "U1_21", 450, -745, "B", "DIP", "NET_19", "", "C", 59.0551, 59.0551, 41, 41, 0],
		[157, "U1_22", 450, -645, "T", "DIP", "NET_20", "", "C", 59.0551, 59.0551, 41, 41, 0],
		[158, "U1_22", 450, -645, "B", "DIP", "NET_20", "", "C", 59.0551, 59.0551, 41, 41, 0],
		[159, "U1_23", 450, -545, "T", "DIP", "NET_21", "", "C", 59.0551, 59.0551, 41, 41, 0],
		[160, "U1_23", 450, -545, "B", "DIP", "NET_21", "", "C", 59.0551, 59.0551, 41, 41, 0],
		[161, "U1_24", 450, -445, "T", "DIP", "NET_22", "", "C", 59.0551, 59.0551, 41, 41, 0],
		[162, "U1_24", 450, -445, "B", "DIP", "NET_22", "", "C", 59.0551, 59.0551, 41, 41, 0],
		[163, "U1_25", 450, -345, "T", "DIP", "NET_23", "", "C", 59.0551, 59.0551, 41, 41, 0],
		[164, "U1_25", 450, -345, "B", "DIP", "NET_23", "", "C", 59.0551, 59.0551, 41, 41, 0],
		[165, "U1_26", 450, -245, "T", "DIP", "HX_DT", "", "C", 59.0551, 59.0551, 41, 41, 0],
		[166, "U1_26", 450, -245, "B", "DIP", "HX_DT", "", "C", 59.0551, 59.0551, 41, 41, 0],
		[167, "U1_27", 450, -145, "T", "DIP", "HX_SCK", "", "C", 59.0551, 59.0551, 41, 41, 0],
		[168, "U1_27", 450, -145, "B", "DIP", "HX_SCK", "", "C", 59.0551, 59.0551, 41, 41, 0],
		[169, "U1_28", 450, -45, "T", "DIP", "RA_RST", "", "C", 59.0551, 59.0551, 41, 41, 0],
		[170, "U1_28", 450, -45, "B", "DIP", "RA_RST", "", "C", 59.0551, 59.0551, 41, 41, 0],
		[171, "U1_29", 450, 55, "T", "DIP", "CS", "", "C", 59.0551, 59.0551, 41, 41, 0],
		[172, "U1_29", 450, 55, "B", "DIP", "CS", "", "C", 59.0551, 59.0551, 41, 41, 0],
		[173, "U1_30", 450, 155, "T", "DIP", "SCK", "", "C", 59.0551, 59.0551, 41, 41, 0],
		[174, "U1_30", 450, 155, "B", "DIP", "SCK", "", "C", 59.0551, 59.0551, 41, 41, 0],
		[175, "U1_31", 450, 255, "T", "DIP", "MISO", "", "C", 59.0551, 59.0551, 41, 41, 0],
		[176, "U1_31", 450, 255, "B", "DIP", "MISO", "", "C", 59.0551, 59.0551, 41, 41, 0],
		[177, "U1_32", 450, 355, "T", "DIP", "GND", "GND", "C", 59.0551, 59.0551, 41, 41, 0],
		[178, "U1_32", 450, 355, "B", "DIP", "GND", "GND", "C", 59.0551, 59.0551, 41, 41, 0],
		[179, "U1_33", 450, 455, "T", "DIP", "SDA", "", "C", 59.0551, 59.0551, 41, 41, 0],
		[180, "U1_33", 450, 455, "B", "DIP", "SDA", "", "C", 59.0551, 59.0551, 41, 41, 0],
		[181, "U1_34", 450, 555, "T", "DIP", "NET_24", "", "C", 59.0551, 59.0551, 41, 41, 0],
		[182, "U1_34", 450, 555, "B", "DIP", "NET_24", "", "C", 59.0551, 59.0551, 41, 41, 0],
		[183, "U1_35", 450, 655, "T", "DIP", "NET_25", "", "C", 59.0551, 59.0551, 41, 41, 0],
		[184, "U1_35", 450, 655, "B", "DIP", "NET_25", "", "C", 59.0551, 59.0551, 41, 41, 0],
		[185, "U1_36", 450, 755, "T", "DIP", "SCL", "", "C", 59.0551, 59.0551, 41, 41, 0],
		[186, "U1_36", 450, 755, "B", "DIP", "SCL", "", "C", 59.0551, 59.0551, 41, 41, 0],
		[187, "U1_37", 450, 855, "T", "DIP", "MOSI", "", "C", 59.0551, 59.0551, 41, 41, 0],
		[188, "U1_37", 450, 855, "B", "DIP", "MOSI", "", "C", 59.0551, 59.0551, 41, 41, 0],
		[189, "U1_38", 450, 955, "T", "DIP", "GND", "GND", "C", 59.0551, 59.0551, 41, 41, 0],
		[190, "U1_38", 450, 955, "B", "DIP", "GND", "GND", "C", 59.0551, 59.0551, 41, 41, 0],
		[191, "U3_1", 190, 2843.27, "T", "DIP", "GND", "GND", "C", 228.346, 228.346, 173.228, 173.228, 90],
		[192, "U3_1", 190, 2843.27, "B", "DIP", "GND", "GND", "C", 228.346, 228.346, 173.228, 173.228, 90],
		[193, "U3_2", 190, 3126.73, "T", "DIP", "VCC", "", "C", 228.346, 228.346, 173.228, 173.228, 90],
		[194, "U3_2", 190, 3126.73, "B", "DIP", "VCC", "", "C", 228.346, 228.346, 173.228, 173.228, 90],
		[195, "U4_1", 1269.964, -1070.594, "T", "SMD", "GND", "GND", "R", 86.614, 55.118, 0, 0, 180],
		[196, "U4_2", 1269.964, -991.854, "T", "SMD", "GND", "GND", "R", 86.614, 55.118, 0, 0, 180],
		[197, "U4_3", 1269.964, -913.114, "T", "SMD", "3V3", "", "R", 86.614, 55.118, 0, 0, 180],
		[198, "U4_4", 1269.964, -834.374, "T", "SMD", "RA_RST", "", "R", 86.614, 55.118, 0, 0, 180],
		[199, "U4_5", 1269.964, -755.634, "T", "SMD", "DIO0", "", "R", 86.614, 55.118, 0, 0, 180],
		[200, "U4_6", 1269.964, -676.894, "T", "SMD", "NET_26", "", "R", 86.614, 55.118, 0, 0, 180],
		[201, "U4_7", 1269.964, -598.154, "T", "SMD", "NET_27", "", "R", 86.614, 55.118, 0, 0, 180],
		[202, "U4_8", 1269.964, -519.414, "T", "SMD", "NET_28", "", "R", 86.614, 55.118, 0, 0, 180],
		[203, "U4_9", 640.044, -519.414, "T", "SMD", "GND", "GND", "R", 86.614, 55.118, 0, 0, 180],
		[204, "U4_10", 640.044, -598.154, "T", "SMD", "NET_29", "", "R", 86.614, 55.118, 0, 0, 180],
		[205, "U4_11", 640.044, -676.894, "T", "SMD", "NET_30", "", "R", 86.614, 55.118, 0, 0, 180],
		[206, "U4_12", 640.044, -755.634, "T", "SMD", "SCK", "", "R", 86.614, 55.118, 0, 0, 180],
		[207, "U4_13", 640.044, -834.374, "T", "SMD", "MISO", "", "R", 86.614, 55.118, 0, 0, 180],
		[208, "U4_14", 640.044, -913.114, "T", "SMD", "MOSI", "", "R", 86.614, 55.118, 0, 0, 180],
		[209, "U4_15", 640.044, -991.794, "T", "SMD", "CS", "", "R", 86.614, 55.118, 0, 0, 180],
		[210, "U4_16", 640.044, -1070.594, "T", "SMD", "3V3", "", "R", 86.614, 55.118, 0, 0, 180],
		[211, "U5_1", 1155, -325, "T", "DIP", "3V3", "", "C", 60, 60, 36, 36, 270],
		[212, "U5_1", 1155, -325, "B", "DIP", "3V3", "", "C", 60, 60, 36, 36, 270],
		[213, "U5_2", 1155, -225, "T", "DIP", "GND", "GND", "R", 60, 60, 36, 36, 270],
		[214, "U5_2", 1155, -225, "B", "DIP", "GND", "GND", "R", 60, 60, 36, 36, 270],
		[215, "U5_3", 1155, -125, "T", "DIP", "SCL", "", "C", 60, 60, 36, 36, 270],
		[216, "U5_3", 1155, -125, "B", "DIP", "SCL", "", "C", 60, 60, 36, 36, 270],
		[217, "U5_4", 1155, -25, "T", "DIP", "SDA", "", "C", 60, 60, 36, 36, 270],
		[218, "U5_4", 1155, -25, "B", "DIP", "SDA", "", "C", 60, 60, 36, 36, 270],
		[219, "U5_5", 1155, 75, "T", "DIP", "NET_31", "", "C", 60, 60, 36, 36, 270],
		[220, "U5_5", 1155, 75, "B", "DIP", "NET_31", "", "C", 60, 60, 36, 36, 270],
		[221, "U5_6", 1155, 175, "T", "DIP", "NET_32", "", "C", 60, 60, 36, 36, 270],
		[222, "U5_6", 1155, 175, "B", "DIP", "NET_32", "", "C", 60, 60, 36, 36, 270],
		[223, "U5_7", 1155, 275, "T", "DIP", "NET_33", "", "C", 60, 60, 36, 36, 270],
		[224, "U5_7", 1155, 275, "B", "DIP", "NET_33", "", "C", 60, 60, 36, 36, 270],
		[225, "U6_1", 1218.392, 1196.709, "T", "DIP", "3V3", "", "C", 70, 70, 39.37, 41.338, 270],
		[226, "U6_1", 1218.392, 1196.709, "B", "DIP", "3V3", "", "C", 70, 70, 39.37, 41.338, 270],
		[227, "U6_2", 1218.392, 1096.709, "T", "DIP", "GND", "GND", "C", 70, 70, 39.37, 41.338, 270],
		[228, "U6_2", 1218.392, 1096.709, "B", "DIP", "GND", "GND", "C", 70, 70, 39.37, 41.338, 270],
		[229, "U6_3", 1218.392, 996.709, "T", "DIP", "SCL", "", "C", 70, 70, 39.37, 41.338, 270],
		[230, "U6_3", 1218.392, 996.709, "B", "DIP", "SCL", "", "C", 70, 70, 39.37, 41.338, 270],
		[231, "U6_4", 1218.392, 896.709, "T", "DIP", "SDA", "", "C", 70, 70, 39.37, 41.338, 270],
		[232, "U6_4", 1218.392, 896.709, "B", "DIP", "SDA", "", "C", 70, 70, 39.37, 41.338, 270],
		[233, "U6_5", 1218.392, 796.709, "T", "DIP", "NET_34", "", "C", 70, 70, 39.37, 41.338, 270],
		[234, "U6_5", 1218.392, 796.709, "B", "DIP", "NET_34", "", "C", 70, 70, 39.37, 41.338, 270],
		[235, "U6_6", 1218.392, 696.709, "T", "DIP", "NET_35", "", "C", 70, 70, 39.37, 41.338, 270],
		[236, "U6_6", 1218.392, 696.709, "B", "DIP", "NET_35", "", "C", 70, 70, 39.37, 41.338, 270],
		[237, "U6_7", 1218.392, 596.709, "T", "DIP", "NET_36", "", "C", 70, 70, 39.37, 41.338, 270],
		[238, "U6_7", 1218.392, 596.709, "B", "DIP", "NET_36", "", "C", 70, 70, 39.37, 41.338, 270],
		[239, "U6_8", 1218.382, 496.729, "T", "DIP", "NET_37", "", "C", 70, 70, 39.37, 41.338, 270],
		[240, "U6_8", 1218.382, 496.729, "B", "DIP", "NET_37", "", "C", 70, 70, 39.37, 41.338, 270],
		[241, "U10_1", 740, 2919.999, "T", "DIP", "$1N2463", "", "R", 70.8661, 98.4252, 47.244, 47.244, 180],
		[242, "U10_1", 740, 2919.999, "B", "DIP", "$1N2463", "", "R", 70.8661, 98.4252, 47.244, 47.244, 180],
		[243, "U10_2", 640, 2919.999, "T", "DIP", "$1N2471", "", "O", 70.8661, 98.4252, 47.244, 47.244, 180],
		[244, "U10_2", 640, 2919.999, "B", "DIP", "$1N2471", "", "O", 70.8661, 98.4252, 47.244, 47.244, 180],
		[245, "U10_3", 540, 2919.999, "T", "DIP", "GND", "GND", "O", 70.8661, 98.4252, 47.244, 47.244, 180],
		[246, "U10_3", 540, 2919.999, "B", "DIP", "GND", "GND", "O", 70.8661, 98.4252, 47.244, 47.244, 180],
		[247, "U11_1", -235, 2894.999, "T", "DIP", "$1N2464", "", "R", 70.8661, 98.4252, 47.244, 47.244, 180],
		[248, "U11_1", -235, 2894.999, "B", "DIP", "$1N2464", "", "R", 70.8661, 98.4252, 47.244, 47.244, 180],
		[249, "U11_2", -335, 2894.999, "T", "DIP", "$1N2468", "", "O", 70.8661, 98.4252, 47.244, 47.244, 180],
		[250, "U11_2", -335, 2894.999, "B", "DIP", "$1N2468", "", "O", 70.8661, 98.4252, 47.244, 47.244, 180],
		[251, "U11_3", -435, 2894.999, "T", "DIP", "GND", "GND", "O", 70.8661, 98.4252, 47.244, 47.244, 180],
		[252, "U11_3", -435, 2894.999, "B", "DIP", "GND", "GND", "O", 70.8661, 98.4252, 47.244, 47.244, 180],
		[253, "U21_1", -670.001, 2670, "T", "DIP", "$1N6957", "", "R", 70.8661, 98.4252, 47.244, 47.244, 90],
		[254, "U21_1", -670.001, 2670, "B", "DIP", "$1N6957", "", "R", 70.8661, 98.4252, 47.244, 47.244, 90],
		[255, "U21_2", -670.001, 2770, "T", "DIP", "$1N6959", "", "O", 70.8661, 98.4252, 47.244, 47.244, 90],
		[256, "U21_2", -670.001, 2770, "B", "DIP", "$1N6959", "", "O", 70.8661, 98.4252, 47.244, 47.244, 90],
		[257, "U21_3", -670.001, 2870, "T", "DIP", "GND", "GND", "O", 70.8661, 98.4252, 47.244, 47.244, 90],
		[258, "U21_3", -670.001, 2870, "B", "DIP", "GND", "GND", "O", 70.8661, 98.4252, 47.244, 47.244, 90],
		[259, "U23_1", 1024.999, 2815, "T", "DIP", "$1N7146", "", "R", 70.8661, 98.4252, 47.244, 47.244, 90],
		[260, "U23_1", 1024.999, 2815, "B", "DIP", "$1N7146", "", "R", 70.8661, 98.4252, 47.244, 47.244, 90],
		[261, "U23_2", 1024.999, 2915, "T", "DIP", "$1N7148", "", "O", 70.8661, 98.4252, 47.244, 47.244, 90],
		[262, "U23_2", 1024.999, 2915, "B", "DIP", "$1N7148", "", "O", 70.8661, 98.4252, 47.244, 47.244, 90],
		[263, "U23_3", 1024.999, 3015, "T", "DIP", "GND", "GND", "O", 70.8661, 98.4252, 47.244, 47.244, 90],
		[264, "U23_3", 1024.999, 3015, "B", "DIP", "GND", "GND", "O", 70.8661, 98.4252, 47.244, 47.244, 90],
		[265, "PAD1_1", -450, 955, "T", "DIP", "3V3", "", "C", 59.0551, 59.0551, 41, 41, 0],
		[266, "PAD1_1", -450, 955, "B", "DIP", "3V3", "", "C", 59.0551, 59.0551, 41, 41, 0],
		[267, "PAD2_7", -450, 355, "T", "DIP", "PYRO_SIG_2", "", "C", 59.0551, 59.0551, 41, 41, 0],
		[268, "PAD2_7", -450, 355, "B", "DIP", "PYRO_SIG_2", "", "C", 59.0551, 59.0551, 41, 41, 0],
		[269, "PAD3_8", -450, 255, "T", "DIP", "PYRO_SIG_3", "", "C", 59.0551, 59.0551, 41, 41, 0],
		[270, "PAD3_8", -450, 255, "B", "DIP", "PYRO_SIG_3", "", "C", 59.0551, 59.0551, 41, 41, 0],
		[271, "PAD4_9", -450, 155, "T", "DIP", "PYRO_SIG_1", "", "C", 59.0551, 59.0551, 41, 41, 0],
		[272, "PAD4_9", -450, 155, "B", "DIP", "PYRO_SIG_1", "", "C", 59.0551, 59.0551, 41, 41, 0],
		[273, "PAD5_10", -450, 55, "T", "DIP", "PYRO_SIG_4", "", "C", 59.0551, 59.0551, 41, 41, 0],
		[274, "PAD5_10", -450, 55, "B", "DIP", "PYRO_SIG_4", "", "C", 59.0551, 59.0551, 41, 41, 0],
		[275, "PAD6_11", -450, -45, "T", "DIP", "LED_R", "", "C", 59.0551, 59.0551, 41, 41, 0],
		[276, "PAD6_11", -450, -45, "B", "DIP", "LED_R", "", "C", 59.0551, 59.0551, 41, 41, 0],
		[277, "PAD7_12", -450, -145, "T", "DIP", "LED_G", "", "C", 59.0551, 59.0551, 41, 41, 0],
		[278, "PAD7_12", -450, -145, "B", "DIP", "LED_G", "", "C", 59.0551, 59.0551, 41, 41, 0],
		[279, "PAD8_14", -450, -345, "T", "DIP", "LED_B", "", "C", 59.0551, 59.0551, 41, 41, 0],
		[280, "PAD8_14", -450, -345, "B", "DIP", "LED_B", "", "C", 59.0551, 59.0551, 41, 41, 0],
		[281, "PAD9_15", -450, -445, "T", "DIP", "DIO0", "", "C", 59.0551, 59.0551, 41, 41, 0],
		[282, "PAD9_15", -450, -445, "B", "DIP", "DIO0", "", "C", 59.0551, 59.0551, 41, 41, 0],
		[283, "PAD10_19", -450, -845, "T", "DIP", "$1N5437", "", "C", 59.0551, 59.0551, 41, 41, 0],
		[284, "PAD10_19", -450, -845, "B", "DIP", "$1N5437", "", "C", 59.0551, 59.0551, 41, 41, 0],
		[285, "PAD11_38", 450, 955, "T", "DIP", "GND", "GND", "C", 59.0551, 59.0551, 41, 41, 0],
		[286, "PAD11_38", 450, 955, "B", "DIP", "GND", "GND", "C", 59.0551, 59.0551, 41, 41, 0],
		[287, "PAD12_37", 450, 855, "T", "DIP", "MOSI", "", "C", 59.0551, 59.0551, 41, 41, 0],
		[288, "PAD12_37", 450, 855, "B", "DIP", "MOSI", "", "C", 59.0551, 59.0551, 41, 41, 0],
		[289, "PAD13_36", 450, 755, "T", "DIP", "SCL", "", "C", 59.0551, 59.0551, 41, 41, 0],
		[290, "PAD13_36", 450, 755, "B", "DIP", "SCL", "", "C", 59.0551, 59.0551, 41, 41, 0],
		[291, "PAD14_33", 450, 455, "T", "DIP", "SDA", "", "C", 59.0551, 59.0551, 41, 41, 0],
		[292, "PAD14_33", 450, 455, "B", "DIP", "SDA", "", "C", 59.0551, 59.0551, 41, 41, 0],
		[293, "PAD15_32", 450, 355, "T", "DIP", "GND", "GND", "C", 59.0551, 59.0551, 41, 41, 0],
		[294, "PAD15_32", 450, 355, "B", "DIP", "GND", "GND", "C", 59.0551, 59.0551, 41, 41, 0],
		[295, "PAD16_31", 450, 255, "T", "DIP", "MISO", "", "C", 59.0551, 59.0551, 41, 41, 0],
		[296, "PAD16_31", 450, 255, "B", "DIP", "MISO", "", "C", 59.0551, 59.0551, 41, 41, 0],
		[297, "PAD17_30", 450, 155, "T", "DIP", "SCK", "", "C", 59.0551, 59.0551, 41, 41, 0],
		[298, "PAD17_30", 450, 155, "B", "DIP", "SCK", "", "C", 59.0551, 59.0551, 41, 41, 0],
		[299, "PAD18_29", 450, 55, "T", "DIP", "CS", "", "C", 59.0551, 59.0551, 41, 41, 0],
		[300, "PAD18_29", 450, 55, "B", "DIP", "CS", "", "C", 59.0551, 59.0551, 41, 41, 0],
		[301, "PAD19_28", 450, -45, "T", "DIP", "RA_RST", "", "C", 59.0551, 59.0551, 41, 41, 0],
		[302, "PAD19_28", 450, -45, "B", "DIP", "RA_RST", "", "C", 59.0551, 59.0551, 41, 41, 0],
		[303, "PAD20_27", 450, -145, "T", "DIP", "HX_SCK", "", "C", 59.0551, 59.0551, 41, 41, 0],
		[304, "PAD20_27", 450, -145, "B", "DIP", "HX_SCK", "", "C", 59.0551, 59.0551, 41, 41, 0],
		[305, "PAD21_26", 450, -245, "T", "DIP", "HX_DT", "", "C", 59.0551, 59.0551, 41, 41, 0],
		[306, "PAD21_26", 450, -245, "B", "DIP", "HX_DT", "", "C", 59.0551, 59.0551, 41, 41, 0],
		[307, "PAD22_1", 190, 2843.27, "T", "DIP", "GND", "GND", "C", 228.346, 228.346, 173.228, 173.228, 90],
		[308, "PAD22_1", 190, 2843.27, "B", "DIP", "GND", "GND", "C", 228.346, 228.346, 173.228, 173.228, 90],
		[309, "PAD23_2", 190, 3126.73, "T", "DIP", "VCC", "", "C", 228.346, 228.346, 173.228, 173.228, 90],
		[310, "PAD23_2", 190, 3126.73, "B", "DIP", "VCC", "", "C", 228.346, 228.346, 173.228, 173.228, 90],
		[311, "PAD24_1", 1269.964, -1070.594, "T", "SMD", "GND", "GND", "R", 86.614, 55.118, 0, 0, 180],
		[312, "PAD25_2", 1269.964, -991.854, "T", "SMD", "GND", "GND", "R", 86.614, 55.118, 0, 0, 180],
		[313, "PAD26_3", 1269.964, -913.114, "T", "SMD", "3V3", "", "R", 86.614, 55.118, 0, 0, 180],
		[314, "PAD27_4", 1269.964, -834.374, "T", "SMD", "RA_RST", "", "R", 86.614, 55.118, 0, 0, 180],
		[315, "PAD28_5", 1269.964, -755.634, "T", "SMD", "DIO0", "", "R", 86.614, 55.118, 0, 0, 180],
		[316, "PAD29_9", 640.044, -519.414, "T", "SMD", "GND", "GND", "R", 86.614, 55.118, 0, 0, 180],
		[317, "PAD30_12", 640.044, -755.634, "T", "SMD", "SCK", "", "R", 86.614, 55.118, 0, 0, 180],
		[318, "PAD31_13", 640.044, -834.374, "T", "SMD", "MISO", "", "R", 86.614, 55.118, 0, 0, 180],
		[319, "PAD32_14", 640.044, -913.114, "T", "SMD", "MOSI", "", "R", 86.614, 55.118, 0, 0, 180],
		[320, "PAD33_15", 640.044, -991.794, "T", "SMD", "CS", "", "R", 86.614, 55.118, 0, 0, 180],
		[321, "PAD34_16", 640.044, -1070.594, "T", "SMD", "3V3", "", "R", 86.614, 55.118, 0, 0, 180],
		[322, "PAD35_4", 1155, -25, "T", "DIP", "SDA", "", "C", 60, 60, 36, 36, 270],
		[323, "PAD35_4", 1155, -25, "B", "DIP", "SDA", "", "C", 60, 60, 36, 36, 270],
		[324, "PAD36_3", 1155, -125, "T", "DIP", "SCL", "", "C", 60, 60, 36, 36, 270],
		[325, "PAD36_3", 1155, -125, "B", "DIP", "SCL", "", "C", 60, 60, 36, 36, 270],
		[326, "PAD37_2", 1155, -225, "T", "DIP", "GND", "GND", "R", 60, 60, 36, 36, 270],
		[327, "PAD37_2", 1155, -225, "B", "DIP", "GND", "GND", "R", 60, 60, 36, 36, 270],
		[328, "PAD38_1", 1155, -325, "T", "DIP", "3V3", "", "C", 60, 60, 36, 36, 270],
		[329, "PAD38_1", 1155, -325, "B", "DIP", "3V3", "", "C", 60, 60, 36, 36, 270],
		[330, "PAD39_4", 1218.392, 896.709, "T", "DIP", "SDA", "", "C", 70, 70, 39.37, 41.338, 270],
		[331, "PAD39_4", 1218.392, 896.709, "B", "DIP", "SDA", "", "C", 70, 70, 39.37, 41.338, 270],
		[332, "PAD40_3", 1218.392, 996.709, "T", "DIP", "SCL", "", "C", 70, 70, 39.37, 41.338, 270],
		[333, "PAD40_3", 1218.392, 996.709, "B", "DIP", "SCL", "", "C", 70, 70, 39.37, 41.338, 270],
		[334, "PAD41_2", 1218.392, 1096.709, "T", "DIP", "GND", "GND", "C", 70, 70, 39.37, 41.338, 270],
		[335, "PAD41_2", 1218.392, 1096.709, "B", "DIP", "GND", "GND", "C", 70, 70, 39.37, 41.338, 270],
		[336, "PAD42_1", 1218.392, 1196.709, "T", "DIP", "3V3", "", "C", 70, 70, 39.37, 41.338, 270],
		[337, "PAD42_1", 1218.392, 1196.709, "B", "DIP", "3V3", "", "C", 70, 70, 39.37, 41.338, 270],
		[338, "PAD43_1", -201.105, 3195, "T", "DIP", "VCC", "", "C", 70.866, 70.866, 43.308, 43.308, 180],
		[339, "PAD43_1", -201.105, 3195, "B", "DIP", "VCC", "", "C", 70.866, 70.866, 43.308, 43.308, 180],
		[340, "PAD44_2", -338.895, 3195, "T", "DIP", "$1N2468", "", "C", 70.866, 70.866, 43.308, 43.308, 180],
		[341, "PAD44_2", -338.895, 3195, "B", "DIP", "$1N2468", "", "C", 70.866, 70.866, 43.308, 43.308, 180],
		[342, "PAD45_1", 778.895, 3195, "T", "DIP", "VCC", "", "C", 70.866, 70.866, 43.308, 43.308, 180],
		[343, "PAD45_1", 778.895, 3195, "B", "DIP", "VCC", "", "C", 70.866, 70.866, 43.308, 43.308, 180],
		[344, "PAD46_2", 641.105, 3195, "T", "DIP", "$1N2471", "", "C", 70.866, 70.866, 43.308, 43.308, 180],
		[345, "PAD46_2", 641.105, 3195, "B", "DIP", "$1N2471", "", "C", 70.866, 70.866, 43.308, 43.308, 180],
		[346, "PAD47_1", 740, 2919.999, "T", "DIP", "$1N2463", "", "R", 70.8661, 98.4252, 47.244, 47.244, 180],
		[347, "PAD47_1", 740, 2919.999, "B", "DIP", "$1N2463", "", "R", 70.8661, 98.4252, 47.244, 47.244, 180],
		[348, "PAD48_3", 540, 2919.999, "T", "DIP", "GND", "GND", "O", 70.8661, 98.4252, 47.244, 47.244, 180],
		[349, "PAD48_3", 540, 2919.999, "B", "DIP", "GND", "GND", "O", 70.8661, 98.4252, 47.244, 47.244, 180],
		[350, "PAD49_2", 640, 2919.999, "T", "DIP", "$1N2471", "", "O", 70.8661, 98.4252, 47.244, 47.244, 180],
		[351, "PAD49_2", 640, 2919.999, "B", "DIP", "$1N2471", "", "O", 70.8661, 98.4252, 47.244, 47.244, 180],
		[352, "PAD50_1", -235, 2894.999, "T", "DIP", "$1N2464", "", "R", 70.8661, 98.4252, 47.244, 47.244, 180],
		[353, "PAD50_1", -235, 2894.999, "B", "DIP", "$1N2464", "", "R", 70.8661, 98.4252, 47.244, 47.244, 180],
		[354, "PAD51_3", -435, 2894.999, "T", "DIP", "GND", "GND", "O", 70.8661, 98.4252, 47.244, 47.244, 180],
		[355, "PAD51_3", -435, 2894.999, "B", "DIP", "GND", "GND", "O", 70.8661, 98.4252, 47.244, 47.244, 180],
		[356, "PAD52_2", -335, 2894.999, "T", "DIP", "$1N2468", "", "O", 70.8661, 98.4252, 47.244, 47.244, 180],
		[357, "PAD52_2", -335, 2894.999, "B", "DIP", "$1N2468", "", "O", 70.8661, 98.4252, 47.244, 47.244, 180],
		[358, "PAD53_1", 685, 2318.1496, "T", "DIP", "PYRO_SIG_1", "", "C", 78.7402, 78.7402, 35.4331, 35.4331, 90],
		[359, "PAD53_1", 685, 2318.1496, "B", "DIP", "PYRO_SIG_1", "", "C", 78.7402, 78.7402, 35.4331, 35.4331, 90],
		[360, "PAD54_2", 685, 2711.8504, "T", "DIP", "$1N2463", "", "C", 78.7402, 78.7402, 35.4331, 35.4331, 90],
		[361, "PAD54_2", 685, 2711.8504, "B", "DIP", "$1N2463", "", "C", 78.7402, 78.7402, 35.4331, 35.4331, 90],
		[362, "PAD55_1", -230, 2706.8504, "T", "DIP", "$1N2464", "", "C", 78.7402, 78.7402, 35.4331, 35.4331, 270],
		[363, "PAD55_1", -230, 2706.8504, "B", "DIP", "$1N2464", "", "C", 78.7402, 78.7402, 35.4331, 35.4331, 270],
		[364, "PAD56_2", -230, 2313.1496, "T", "DIP", "PYRO_SIG_2", "", "C", 78.7402, 78.7402, 35.4331, 35.4331, 270],
		[365, "PAD56_2", -230, 2313.1496, "B", "DIP", "PYRO_SIG_2", "", "C", 78.7402, 78.7402, 35.4331, 35.4331, 270],
		[366, "PAD57_1", -355, 2313.1496, "T", "DIP", "GND", "GND", "C", 78.7402, 78.7402, 35.4331, 35.4331, 90],
		[367, "PAD57_1", -355, 2313.1496, "B", "DIP", "GND", "GND", "C", 78.7402, 78.7402, 35.4331, 35.4331, 90],
		[368, "PAD58_2", -355, 2706.8504, "T", "DIP", "$1N2464", "", "C", 78.7402, 78.7402, 35.4331, 35.4331, 90],
		[369, "PAD58_2", -355, 2706.8504, "B", "DIP", "$1N2464", "", "C", 78.7402, 78.7402, 35.4331, 35.4331, 90],
		[370, "PAD59_1", 800, 2711.8504, "T", "DIP", "$1N2463", "", "C", 78.7402, 78.7402, 35.4331, 35.4331, 270],
		[371, "PAD59_1", 800, 2711.8504, "B", "DIP", "$1N2463", "", "C", 78.7402, 78.7402, 35.4331, 35.4331, 270],
		[372, "PAD60_2", 800, 2318.1496, "T", "DIP", "GND", "GND", "C", 78.7402, 78.7402, 35.4331, 35.4331, 270],
		[373, "PAD60_2", 800, 2318.1496, "B", "DIP", "GND", "GND", "C", 78.7402, 78.7402, 35.4331, 35.4331, 270],
		[374, "PAD61_2", -898.27, -805, "T", "SMD", "VCC", "", "R", 47.244, 98.425, 0, 0, 270],
		[375, "PAD62_6", -681.73, -903.425, "T", "SMD", "$1N5437", "", "R", 47.244, 98.425, 0, 0, 270],
		[376, "PAD63_6", 1070, 1480, "T", "DIP", "$1N5576", "", "C", 70.866, 70.866, 47.244, 47.244, 270],
		[377, "PAD63_6", 1070, 1480, "B", "DIP", "$1N5576", "", "C", 70.866, 70.866, 47.244, 47.244, 270],
		[378, "PAD64_5", 1070, 1580, "T", "DIP", "$1N5574", "", "C", 70.866, 70.866, 47.244, 47.244, 270],
		[379, "PAD64_5", 1070, 1580, "B", "DIP", "$1N5574", "", "C", 70.866, 70.866, 47.244, 47.244, 270],
		[380, "PAD65_4", 1070, 1680, "T", "DIP", "$1N5572", "", "C", 70.866, 70.866, 47.244, 47.244, 270],
		[381, "PAD65_4", 1070, 1680, "B", "DIP", "$1N5572", "", "C", 70.866, 70.866, 47.244, 47.244, 270],
		[382, "PAD66_3", 1070, 1780, "T", "DIP", "$1N5570", "", "C", 70.866, 70.866, 47.244, 47.244, 270],
		[383, "PAD66_3", 1070, 1780, "B", "DIP", "$1N5570", "", "C", 70.866, 70.866, 47.244, 47.244, 270],
		[384, "PAD67_2", 1070, 1880, "T", "DIP", "$1N5568", "", "C", 70.866, 70.866, 47.244, 47.244, 270],
		[385, "PAD67_2", 1070, 1880, "B", "DIP", "$1N5568", "", "C", 70.866, 70.866, 47.244, 47.244, 270],
		[386, "PAD68_1", 1070, 1980, "T", "DIP", "$1N5566", "", "R", 70.866, 70.866, 47.244, 47.244, 270],
		[387, "PAD68_1", 1070, 1980, "B", "DIP", "$1N5566", "", "R", 70.866, 70.866, 47.244, 47.244, 270],
		[388, "PAD69_10", -291.1811, 1580, "T", "DIP", "GND", "GND", "C", 78.7402, 78.7402, 39.3701, 39.3701, 180],
		[389, "PAD69_10", -291.1811, 1580, "B", "DIP", "GND", "GND", "C", 78.7402, 78.7402, 39.3701, 39.3701, 180],
		[390, "PAD70_9", -291.1811, 1680, "T", "DIP", "HX_DT", "", "C", 78.7402, 78.7402, 39.3701, 39.3701, 180],
		[391, "PAD70_9", -291.1811, 1680, "B", "DIP", "HX_DT", "", "C", 78.7402, 78.7402, 39.3701, 39.3701, 180],
		[392, "PAD71_8", -291.1811, 1780, "T", "DIP", "HX_SCK", "", "C", 78.7402, 78.7402, 39.3701, 39.3701, 180],
		[393, "PAD71_8", -291.1811, 1780, "B", "DIP", "HX_SCK", "", "C", 78.7402, 78.7402, 39.3701, 39.3701, 180],
		[394, "PAD72_7", -291.1811, 1880, "T", "DIP", "3V3", "", "R", 78.7402, 74, 39.3701, 39.3701, 180],
		[395, "PAD72_7", -291.1811, 1880, "B", "DIP", "3V3", "", "R", 78.7402, 74, 39.3701, 39.3701, 180],
		[396, "PAD73_6", 708.8192, 1980.0002, "T", "DIP", "$1N5566", "", "C", 78.7402, 78.7402, 39.3701, 39.3701, 0],
		[397, "PAD73_6", 708.8192, 1980.0002, "B", "DIP", "$1N5566", "", "C", 78.7402, 78.7402, 39.3701, 39.3701, 0],
		[398, "PAD74_5", 708.8192, 1880.0002, "T", "DIP", "$1N5568", "", "C", 78.7402, 78.7402, 39.3701, 39.3701, 0],
		[399, "PAD74_5", 708.8192, 1880.0002, "B", "DIP", "$1N5568", "", "C", 78.7402, 78.7402, 39.3701, 39.3701, 0],
		[400, "PAD75_4", 708.8192, 1780.0002, "T", "DIP", "$1N5570", "", "C", 78.7402, 78.7402, 39.3701, 39.3701, 0],
		[401, "PAD75_4", 708.8192, 1780.0002, "B", "DIP", "$1N5570", "", "C", 78.7402, 78.7402, 39.3701, 39.3701, 0],
		[402, "PAD76_3", 708.8192, 1680.0002, "T", "DIP", "$1N5572", "", "C", 78.7402, 78.7402, 39.3701, 39.3701, 0],
		[403, "PAD76_3", 708.8192, 1680.0002, "B", "DIP", "$1N5572", "", "C", 78.7402, 78.7402, 39.3701, 39.3701, 0],
		[404, "PAD77_2", 708.8192, 1580.0002, "T", "DIP", "$1N5574", "", "C", 78.7402, 78.7402, 39.3701, 39.3701, 0],
		[405, "PAD77_2", 708.8192, 1580.0002, "B", "DIP", "$1N5574", "", "C", 78.7402, 78.7402, 39.3701, 39.3701, 0],
		[406, "PAD78_1", 708.8192, 1480.0002, "T", "DIP", "$1N5576", "", "C", 78.7402, 78.7402, 39.3701, 39.3701, 0],
		[407, "PAD78_1", 708.8192, 1480.0002, "B", "DIP", "$1N5576", "", "C", 78.7402, 78.7402, 39.3701, 39.3701, 0],
		[408, "PAD79_1", 266.77, 2445, "T", "DIP", "$1N7678", "", "C", 39.37, 39.37, 27.56, 27.56, 0],
		[409, "PAD79_1", 266.77, 2445, "B", "DIP", "$1N7678", "", "C", 39.37, 39.37, 27.56, 27.56, 0],
		[410, "PAD80_2", 215.59, 2445, "T", "DIP", "GND", "GND", "C", 39.37, 39.37, 27.56, 27.56, 0],
		[411, "PAD80_2", 215.59, 2445, "B", "DIP", "GND", "GND", "C", 39.37, 39.37, 27.56, 27.56, 0],
		[412, "PAD81_3", 164.41, 2445, "T", "DIP", "$1N7635", "", "C", 39.37, 39.37, 27.56, 27.56, 0],
		[413, "PAD81_3", 164.41, 2445, "B", "DIP", "$1N7635", "", "C", 39.37, 39.37, 27.56, 27.56, 0],
		[414, "PAD82_4", 113.23, 2445, "T", "DIP", "$1N7586", "", "C", 39.37, 39.37, 27.56, 27.56, 0],
		[415, "PAD82_4", 113.23, 2445, "B", "DIP", "$1N7586", "", "C", 39.37, 39.37, 27.56, 27.56, 0],
		[416, "PAD83_1", -620, 2078.1496, "T", "DIP", "PYRO_SIG_3", "", "C", 78.7402, 78.7402, 35.4331, 35.4331, 90],
		[417, "PAD83_1", -620, 2078.1496, "B", "DIP", "PYRO_SIG_3", "", "C", 78.7402, 78.7402, 35.4331, 35.4331, 90],
		[418, "PAD84_2", -620, 2471.8504, "T", "DIP", "$1N6957", "", "C", 78.7402, 78.7402, 35.4331, 35.4331, 90],
		[419, "PAD84_2", -620, 2471.8504, "B", "DIP", "$1N6957", "", "C", 78.7402, 78.7402, 35.4331, 35.4331, 90],
		[420, "PAD85_1", -765, 2471.8504, "T", "DIP", "$1N6957", "", "C", 78.7402, 78.7402, 35.4331, 35.4331, 270],
		[421, "PAD85_1", -765, 2471.8504, "B", "DIP", "$1N6957", "", "C", 78.7402, 78.7402, 35.4331, 35.4331, 270],
		[422, "PAD86_2", -765, 2078.1496, "T", "DIP", "GND", "GND", "C", 78.7402, 78.7402, 35.4331, 35.4331, 270],
		[423, "PAD86_2", -765, 2078.1496, "B", "DIP", "GND", "GND", "C", 78.7402, 78.7402, 35.4331, 35.4331, 270],
		[424, "PAD87_1", 1165, 2218.1496, "T", "DIP", "PYRO_SIG_4", "", "C", 78.7402, 78.7402, 35.4331, 35.4331, 90],
		[425, "PAD87_1", 1165, 2218.1496, "B", "DIP", "PYRO_SIG_4", "", "C", 78.7402, 78.7402, 35.4331, 35.4331, 90],
		[426, "PAD88_2", 1165, 2611.8504, "T", "DIP", "$1N7146", "", "C", 78.7402, 78.7402, 35.4331, 35.4331, 90],
		[427, "PAD88_2", 1165, 2611.8504, "B", "DIP", "$1N7146", "", "C", 78.7402, 78.7402, 35.4331, 35.4331, 90],
		[428, "PAD89_1", 1045, 2616.8504, "T", "DIP", "$1N7146", "", "C", 78.7402, 78.7402, 35.4331, 35.4331, 270],
		[429, "PAD89_1", 1045, 2616.8504, "B", "DIP", "$1N7146", "", "C", 78.7402, 78.7402, 35.4331, 35.4331, 270],
		[430, "PAD90_2", 1045, 2223.1496, "T", "DIP", "GND", "GND", "C", 78.7402, 78.7402, 35.4331, 35.4331, 270],
		[431, "PAD90_2", 1045, 2223.1496, "B", "DIP", "GND", "GND", "C", 78.7402, 78.7402, 35.4331, 35.4331, 270],
		[432, "PAD91_1", -1010, 2923.895, "T", "DIP", "VCC", "", "C", 70.866, 70.866, 43.308, 43.308, 270],
		[433, "PAD91_1", -1010, 2923.895, "B", "DIP", "VCC", "", "C", 70.866, 70.866, 43.308, 43.308, 270],
		[434, "PAD92_2", -1010, 2786.105, "T", "DIP", "$1N6959", "", "C", 70.866, 70.866, 43.308, 43.308, 270],
		[435, "PAD92_2", -1010, 2786.105, "B", "DIP", "$1N6959", "", "C", 70.866, 70.866, 43.308, 43.308, 270],
		[436, "PAD93_1", -670.001, 2670, "T", "DIP", "$1N6957", "", "R", 70.8661, 98.4252, 47.244, 47.244, 90],
		[437, "PAD93_1", -670.001, 2670, "B", "DIP", "$1N6957", "", "R", 70.8661, 98.4252, 47.244, 47.244, 90],
		[438, "PAD94_3", -670.001, 2870, "T", "DIP", "GND", "GND", "O", 70.8661, 98.4252, 47.244, 47.244, 90],
		[439, "PAD94_3", -670.001, 2870, "B", "DIP", "GND", "GND", "O", 70.8661, 98.4252, 47.244, 47.244, 90],
		[440, "PAD95_2", -670.001, 2770, "T", "DIP", "$1N6959", "", "O", 70.8661, 98.4252, 47.244, 47.244, 90],
		[441, "PAD95_2", -670.001, 2770, "B", "DIP", "$1N6959", "", "O", 70.8661, 98.4252, 47.244, 47.244, 90],
		[442, "PAD96_1", 1310, 2776.105, "T", "DIP", "$1N7148", "", "C", 70.866, 70.866, 43.308, 43.308, 90],
		[443, "PAD96_1", 1310, 2776.105, "B", "DIP", "$1N7148", "", "C", 70.866, 70.866, 43.308, 43.308, 90],
		[444, "PAD97_2", 1310, 2913.895, "T", "DIP", "VCC", "", "C", 70.866, 70.866, 43.308, 43.308, 90],
		[445, "PAD97_2", 1310, 2913.895, "B", "DIP", "VCC", "", "C", 70.866, 70.866, 43.308, 43.308, 90],
		[446, "PAD98_1", 1024.999, 2815, "T", "DIP", "$1N7146", "", "R", 70.8661, 98.4252, 47.244, 47.244, 90],
		[447, "PAD98_1", 1024.999, 2815, "B", "DIP", "$1N7146", "", "R", 70.8661, 98.4252, 47.244, 47.244, 90],
		[448, "PAD99_3", 1024.999, 3015, "T", "DIP", "GND", "GND", "O", 70.8661, 98.4252, 47.244, 47.244, 90],
		[449, "PAD99_3", 1024.999, 3015, "B", "DIP", "GND", "GND", "O", 70.8661, 98.4252, 47.244, 47.244, 90],
		[450, "PAD100_2", 1024.999, 2915, "T", "DIP", "$1N7148", "", "O", 70.8661, 98.4252, 47.244, 47.244, 90],
		[451, "PAD100_2", 1024.999, 2915, "B", "DIP", "$1N7148", "", "O", 70.8661, 98.4252, 47.244, 47.244, 90],
		[452, "PAD101_1", -100, 601.8504, "T", "DIP", "$1N7635", "", "C", 78.7402, 78.7402, 35.4331, 35.4331, 270],
		[453, "PAD101_1", -100, 601.8504, "B", "DIP", "$1N7635", "", "C", 78.7402, 78.7402, 35.4331, 35.4331, 270],
		[454, "PAD102_2", -100, 208.1496, "T", "DIP", "LED_G", "", "C", 78.7402, 78.7402, 35.4331, 35.4331, 270],
		[455, "PAD102_2", -100, 208.1496, "B", "DIP", "LED_G", "", "C", 78.7402, 78.7402, 35.4331, 35.4331, 270],
		[456, "PAD103_1", 30, 676.8504, "T", "DIP", "$1N7678", "", "C", 78.7402, 78.7402, 35.4331, 35.4331, 270],
		[457, "PAD103_1", 30, 676.8504, "B", "DIP", "$1N7678", "", "C", 78.7402, 78.7402, 35.4331, 35.4331, 270],
		[458, "PAD104_2", 30, 283.1496, "T", "DIP", "LED_B", "", "C", 78.7402, 78.7402, 35.4331, 35.4331, 270],
		[459, "PAD104_2", 30, 283.1496, "B", "DIP", "LED_B", "", "C", 78.7402, 78.7402, 35.4331, 35.4331, 270],
		[460, "PAD105_1", -220, 511.8504, "T", "DIP", "$1N7586", "", "C", 78.7402, 78.7402, 35.4331, 35.4331, 270],
		[461, "PAD105_1", -220, 511.8504, "B", "DIP", "$1N7586", "", "C", 78.7402, 78.7402, 35.4331, 35.4331, 270],
		[462, "PAD106_2", -220, 118.1496, "T", "DIP", "LED_R", "", "C", 78.7402, 78.7402, 35.4331, 35.4331, 270],
		[463, "PAD106_2", -220, 118.1496, "B", "DIP", "LED_R", "", "C", 78.7402, 78.7402, 35.4331, 35.4331, 270]
	]
}
}