{
"lengthUnit": "mil",
"remark": [],
"components": {
	"fields": ["COMPONENT_NO", "COMPONENT_NAME", "LAYER", "X_COORDINATE", "Y_COORDINATE", "ANGLE"],
	"rows": [
		[1, "BOOT", "T", -545, -645, 0],
		[2, "C1", "T", 930, -945, 270],
		[3, "C2", "T", 640, -1055, 270],
		[4, "C3", "T", 550, -1770, 0],
		[5, "C4", "T", -330, -435, 270],
		[6, "C5", "T", -340, -635, 90],
		[7, "C6", "T", 595, -1875, 270],
		[8, "C7", "T", 505, -1875, 270],
		[9, "C8", "T", -164.997, 649.996, 90],
		[10, "C9", "T", 205, 650, 270],
		[11, "C10", "T", 125, 650, 270],
		[12, "C11", "T", 265, 310, 90],
		[13, "C12", "T", -162.442, -782.4415, 270],
		[14, "C13", "T", -85, -680, 180],
		[15, "C14", "T", 115, -770, 270],
		[16, "C15", "T", 222.44, -662.56, 180],
		[17, "D2", "T", 950, -1275, 90],
		[18, "FTDI", "T", -875, -500, 270],
		[19, "HC", "T", -52.0347, -1136.9759, 0],
		[20, "HD", "T", -97.0347, -1117.6059, 0],
		[21, "HX711", "T", 0, 1045, 0],
		[22, "PWR", "T", 765, -400, 0],
		[23, "PYRO-1", "T", -1255, 295, 270],
		[24, "Q1", "T", 785, -750, 90],
		[25, "Q2", "T", 800, -985, 180],
		[26, "Q3", "T", 295, 525, 270],
		[27, "Q4", "T", 10, -260, 270],
		[28, "R1", "T", 985, -1450, 270],
		[29, "R2", "T", 985, -1125, 90],
		[30, "R3", "T", 760, -1245, 0],
		[31, "R4", "T", 760, -1310, 0],
		[32, "R5", "T", 870, -645, 180],
		[33, "R6", "T", 555, -1695, 0],
		[34, "R7", "T", -95, 650, 270],
		[35, "R8", "T", -235, 650, 270],
		[36, "R9", "T", 45, 650, 90],
		[37, "R10", "T", -25, 650, 90],
		[38, "R11", "T", 155, -1035, 0],
		[39, "R12", "T", 20, -1035, 180],
		[40, "R35", "T", -230, -230, 270],
		[41, "R37", "T", 181.6096, -295, 270],
		[42, "R38", "T", 250, -295, 90],
		[43, "R39", "T", -160, -230, 90],
		[44, "RST", "T", -545, -435, 180],
		[45, "SCREW1", "T", -1261.8898, -1841.4961, 0],
		[46, "SCREW2", "T", 1257.7953, -1841.4961, 0],
		[47, "SCREW3", "T", -1258.5072, 1071.8898, 0],
		[48, "SCREW4", "T", 1250, 1071.8898, 0],
		[49, "U2", "T", -5, -1555, 180],
		[50, "U3", "T", 1165, -595, 270],
		[51, "U4", "T", -845, -1440, 270],
		[52, "U5", "T", -10, 315, 180],
		[53, "U6", "T", -70, -775, 180],
		[54, "U7", "T", 224.142, -765, 180],
		[55, "U8", "T", 1250, 295, 90],
		[56, "U10", "T", 520, 1070, 180],
		[57, "U12", "T", 1250, 610, 90],
		[58, "U13", "T", -1255, 610, 270],
		[59, "U14", "T", -1255, -25, 270],
		[60, "U15", "T", -510, 1070, 180],
		[61, "U17", "T", 1255, -25, 90],
		[62, "U18", "T", -1255, -345, 270],
		[63, "U19", "T", -1255, -660, 270],
		[64, "U20", "T", -910, 1075, 180],
		[65, "U21", "T", 910, 1070, 180],
		[66, "USB1", "T", 1230, -1295, 90],
		[67, "PAD1", "T", 995.24, -1312.4, 0],
		[68, "PAD2", "T", 995.24, -1275, 0],
		[69, "PAD3", "T", 995.24, -1237.6, 0],
		[70, "PAD4", "T", 904.76, -1237.6, 0],
		[71, "PAD5", "T", 904.76, -1275, 0],
		[72, "PAD6", "T", 904.76, -1312.4, 0],
		[73, "PAD7", "T", -875, -650, 0],
		[74, "PAD7", "B", -875, -650, 0],
		[75, "PAD8", "T", -875, -550, 0],
		[76, "PAD8", "B", -875, -550, 0],
		[77, "PAD9", "T", -875, -450, 0],
		[78, "PAD9", "B", -875, -450, 0],
		[79, "PAD10", "T", -875, -250, 0],
		[80, "PAD10", "B", -875, -250, 0],
		[81, "PAD11", "T", -150, 1045, 0],
		[82, "PAD11", "B", -150, 1045, 0],
		[83, "PAD12", "T", -50, 1045, 0],
		[84, "PAD12", "B", -50, 1045, 0],
		[85, "PAD13", "T", 50, 1045, 0],
		[86, "PAD13", "B", 50, 1045, 0],
		[87, "PAD14", "T", 150, 1045, 0],
		[88, "PAD14", "B", 150, 1045, 0],
		[89, "PAD15", "T", 822.4, -706.64, 0],
		[90, "PAD16", "T", 747.6, -706.64, 0],
		[91, "PAD17", "T", 785, -793.36, 0],
		[92, "PAD18", "T", 851.18, -1022.4, 0],
		[93, "PAD19", "T", 851.18, -985, 0],
		[94, "PAD20", "T", 851.18, -947.6, 0],
		[95, "PAD21", "T", 748.82, -1022.4, 0],
		[96, "PAD22", "T", 53.31, -234.41, 0],
		[97, "PAD23", "T", 53.31, -260, 0],
		[98, "PAD24", "T", 53.31, -285.59, 0],
		[99, "PAD25", "T", -33.31, -285.59, 0],
		[100, "PAD26", "T", -33.31, -260, 0],
		[101, "PAD27", "T", -33.31, -234.41, 0],
		[102, "PAD28", "T", -411.14, -494.055, 0],
		[103, "PAD29", "T", -411.14, -375.945, 0],
		[104, "PAD30", "T", -411.14, -585.945, 0],
		[105, "PAD31", "T", -411.14, -704.055, 0],
		[106, "PAD32", "T", 765, -512.195, 0],
		[107, "PAD33", "T", 863.42, -512.205, 0],
		[108, "PAD34", "T", 765, -287.795, 0],
		[109, "PAD35", "T", 863.42, -287.795, 0],
		[110, "PAD36", "T", 339.49, -1905.195, 0],
		[111, "PAD37", "T", 339.49, -1855.195, 0],
		[112, "PAD38", "T", 339.49, -1805.195, 0],
		[113, "PAD39", "T", 339.49, -1755.195, 0],
		[114, "PAD40", "T", 339.49, -1705.195, 0],
		[115, "PAD41", "T", 339.49, -1655.195, 0],
		[116, "PAD42", "T", 339.49, -1605.195, 0],
		[117, "PAD43", "T", 339.49, -1555.195, 0],
		[118, "PAD44", "T", 339.49, -1505.195, 0],
		[119, "PAD45", "T", 339.49, -1455.195, 0],
		[120, "PAD46", "T", 339.49, -1405.195, 0],
		[121, "PAD47", "T", 339.49, -1355.195, 0],
		[122, "PAD48", "T", 339.49, -1305.195, 0],
		[123, "PAD49", "T", 339.49, -1255.195, 0],
		[124, "PAD50", "T", 170, -1204.805, 0],
		[125, "PAD51", "T", 120, -1204.805, 0],
		[126, "PAD52", "T", 70, -1204.805, 0],
		[127, "PAD53", "T", 20, -1204.805, 0],
		[128, "PAD54", "T", -30, -1204.805, 0],
		[129, "PAD55", "T", -80, -1204.805, 0],
		[130, "PAD56", "T", -130, -1204.805, 0],
		[131, "PAD57", "T", -180, -1204.805, 0],
		[132, "PAD58", "T", -230, -1204.805, 0],
		[133, "PAD59", "T", -349.49, -1255.195, 0],
		[134, "PAD60", "T", -349.49, -1305.195, 0],
		[135, "PAD61", "T", -349.49, -1355.195, 0],
		[136, "PAD62", "T", -349.49, -1405.195, 0],
		[137, "PAD63", "T", -349.49, -1455.195, 0],
		[138, "PAD64", "T", -349.49, -1505.195, 0],
		[139, "PAD65", "T", -349.49, -1555.195, 0],
		[140, "PAD66", "T", -349.49, -1605.195, 0],
		[141, "PAD67", "T", -349.49, -1655.195, 0],
		[142, "PAD68", "T", -349.49, -1705.195, 0],
		[143, "PAD69", "T", -349.49, -1755.195, 0],
		[144, "PAD70", "T", -349.49, -1805.195, 0],
		[145, "PAD71", "T", -349.49, -1855.195, 0],
		[146, "PAD72", "T", -349.49, -1905.195, 0],
		[147, "PAD73", "T", -1.06, -1546.135, 0],
		[148, "PAD74", "T", 54.06, -1546.135, 0],
		[149, "PAD75", "T", 109.18, -1546.135, 0],
		[150, "PAD76", "T", 109.18, -1656.375, 0],
		[151, "PAD77", "T", 54.06, -1656.375, 0],
		[152, "PAD78", "T", -1.06, -1656.375, 0],
		[153, "PAD79", "T", -1.06, -1601.255, 0],
		[154, "PAD80", "T", 109.18, -1601.255, 0],
		[155, "PAD81", "T", 54.06, -1601.255, 0],
		[156, "PAD82", "T", 1165, -453.27, 0],
		[157, "PAD82", "B", 1165, -453.27, 0],
		[158, "PAD83", "T", 1165, -736.73, 0],
		[159, "PAD83", "B", 1165, -736.73, 0],
		[160, "PAD84", "T", -1159.964, -1164.406, 0],
		[161, "PAD85", "T", -1159.964, -1243.146, 0],
		[162, "PAD86", "T", -1159.964, -1321.886, 0],
		[163, "PAD87", "T", -1159.964, -1400.626, 0],
		[164, "PAD88", "T", -1159.964, -1479.366, 0],
		[165, "PAD89", "T", -530.044, -1715.586, 0],
		[166, "PAD90", "T", -530.044, -1479.366, 0],
		[167, "PAD91", "T", -530.044, -1400.626, 0],
		[168, "PAD92", "T", -530.044, -1321.886, 0],
		[169, "PAD93", "T", -530.044, -1243.206, 0],
		[170, "PAD94", "T", -530.044, -1164.406, 0],
		[171, "PAD95", "T", 165, 428.09, 0],
		[172, "PAD96", "T", 115, 428.09, 0],
		[173, "PAD97", "T", 65, 428.09, 0],
		[174, "PAD98", "T", 15, 428.09, 0],
		[175, "PAD99", "T", -35, 428.09, 0],
		[176, "PAD100", "T", -85, 428.09, 0],
		[177, "PAD101", "T", -135, 428.09, 0],
		[178, "PAD102", "T", -185, 428.09, 0],
		[179, "PAD103", "T", 165, 201.91, 0],
		[180, "PAD104", "T", 115, 201.91, 0],
		[181, "PAD105", "T", 65, 201.91, 0],
		[182, "PAD106", "T", -35, 201.91, 0],
		[183, "PAD107", "T", -85, 201.91, 0],
		[184, "PAD108", "T", -135, 201.91, 0],
		[185, "PAD109", "T", -185, 201.91, 0],
		[186, "PAD110", "T", -104.22, -794.68, 0],
		[187, "PAD111", "T", -104.22, -775, 0],
		[188, "PAD112", "T", -104.22, -755.31, 0],
		[189, "PAD113", "T", -60.16, -740.7, 0],
		[190, "PAD114", "T", -35.78, -755.31, 0],
		[191, "PAD115", "T", -35.78, -775, 0],
		[192, "PAD116", "T", -35.78, -794.68, 0],
		[193, "PAD117", "T", -60.16, -809.3, 0],
		[194, "PAD118", "T", -79.84, -809.3, 0],
		[195, "PAD119", "T", 273.827, -794.53, 0],
		[196, "PAD120", "T", 273.827, -774.84, 0],
		[197, "PAD121", "T", 273.827, -755.16, 0],
		[198, "PAD122", "T", 243.827, -725.14, 0],
		[199, "PAD123", "T", 224.147, -725.14, 0],
		[200, "PAD124", "T", 204.457, -725.14, 0],
		[201, "PAD125", "T", 174.457, -735.47, 0],
		[202, "PAD126", "T", 204.457, -804.86, 0],
		[203, "PAD127", "T", 224.147, -804.86, 0],
		[204, "PAD128", "T", 243.827, -804.86, 0],
		[205, "PAD129", "T", 1250, 226.105, 0],
		[206, "PAD129", "B", 1250, 226.105, 0],
		[207, "PAD130", "T", 1250, 363.895, 0],
		[208, "PAD130", "B", 1250, 363.895, 0],
		[209, "PAD131", "T", -1255, 363.895, 0],
		[210, "PAD131", "B", -1255, 363.895, 0],
		[211, "PAD132", "T", -1255, 226.105, 0],
		[212, "PAD132", "B", -1255, 226.105, 0],
		[213, "PAD133", "T", 657.8, 1070, 0],
		[214, "PAD133", "B", 657.8, 1070, 0],
		[215, "PAD134", "T", 520.005, 1070, 0],
		[216, "PAD134", "B", 520.005, 1070, 0],
		[217, "PAD135", "T", 382.21, 1070, 0],
		[218, "PAD135", "B", 382.21, 1070, 0],
		[219, "PAD136", "T", 1250, 541.105, 0],
		[220, "PAD136", "B", 1250, 541.105, 0],
		[221, "PAD137", "T", 1250, 678.895, 0],
		[222, "PAD137", "B", 1250, 678.895, 0],
		[223, "PAD138", "T", -1255, 678.895, 0],
		[224, "PAD138", "B", -1255, 678.895, 0],
		[225, "PAD139", "T", -1255, 541.105, 0],
		[226, "PAD139", "B", -1255, 541.105, 0],
		[227, "PAD140", "T", -1255, 43.895, 0],
		[228, "PAD140", "B", -1255, 43.895, 0],
		[229, "PAD141", "T", -1255, -93.895, 0],
		[230, "PAD141", "B", -1255, -93.895, 0],
		[231, "PAD142", "T", -372.2, 1070, 0],
		[232, "PAD142", "B", -372.2, 1070, 0],
		[233, "PAD143", "T", -509.995, 1070, 0],
		[234, "PAD143", "B", -509.995, 1070, 0],
		[235, "PAD144", "T", -647.79, 1070, 0],
		[236, "PAD144", "B", -647.79, 1070, 0],
		[237, "PAD145", "T", 1255, -93.895, 0],
		[238, "PAD145", "B", 1255, -93.895, 0],
		[239, "PAD146", "T", 1255, 43.895, 0],
		[240, "PAD146", "B", 1255, 43.895, 0],
		[241, "PAD147", "T", -1255, -276.105, 0],
		[242, "PAD147", "B", -1255, -276.105, 0],
		[243, "PAD148", "T", -1255, -413.895, 0],
		[244, "PAD148", "B", -1255, -413.895, 0],
		[245, "PAD149", "T", -1255, -591.105, 0],
		[246, "PAD149", "B", -1255, -591.105, 0],
		[247, "PAD150", "T", -1255, -728.895, 0],
		[248, "PAD150", "B", -1255, -728.895, 0],
		[249, "PAD151", "T", -841.105, 1075, 0],
		[250, "PAD151", "B", -841.105, 1075, 0],
		[251, "PAD152", "T", -978.895, 1075, 0],
		[252, "PAD152", "B", -978.895, 1075, 0],
		[253, "PAD153", "T", 978.895, 1070, 0],
		[254, "PAD153", "B", 978.895, 1070, 0],
		[255, "PAD154", "T", 841.105, 1070, 0],
		[256, "PAD154", "B", 841.105, 1070, 0],
		[257, "PAD155", "T", 1136.495, -1420.985, 0],
		[258, "PAD156", "T", 1136.495, -1389.485, 0],
		[259, "PAD157", "T", 1136.495, -1344.205, 0],
		[260, "PAD158", "T", 1136.495, -1324.525, 0],
		[261, "PAD159", "T", 1136.495, -1304.845, 0],
		[262, "PAD160", "T", 1136.495, -1285.155, 0],
		[263, "PAD161", "T", 1136.495, -1265.475, 0],
		[264, "PAD162", "T", 1136.495, -1226.095, 0],
		[265, "PAD163", "T", 1136.495, -1200.505, 0],
		[266, "PAD164", "T", 1136.495, -1169.015, 0],
		[267, "PAD165", "T", 1158.145, -1465.275, 0],
		[268, "PAD165", "B", 1158.145, -1465.275, 0],
		[269, "PAD166", "T", 1158.145, -1124.725, 0],
		[270, "PAD166", "B", 1158.145, -1124.725, 0],
		[271, "PAD167", "T", 1323.505, -1465.275, 0],
		[272, "PAD167", "B", 1323.505, -1465.275, 0],
		[273, "PAD168", "T", 1323.505, -1124.725, 0],
		[274, "PAD168", "B", 1323.505, -1124.725, 0],
		[275, "PAD169", "T", 595, -1902.56, 0],
		[276, "PAD170", "T", 595, -1847.44, 0],
		[277, "PAD171", "T", -97.0347, -1117.6059, 0],
		[278, "PAD172", "T", -52.0347, -1136.9759, 0],
		[279, "PAD173", "T", 930, -972.56, 0],
		[280, "PAD174", "T", 930, -917.44, 0],
		[281, "PAD175", "T", 640, -1082.56, 0],
		[282, "PAD176", "T", 640, -1027.44, 0],
		[283, "PAD177", "T", 205, 622.44, 0],
		[284, "PAD178", "T", 205, 677.56, 0],
		[285, "PAD179", "T", 265, 337.56, 0],
		[286, "PAD180", "T", 265, 282.44, 0],
		[287, "PAD181", "T", 577.56, -1770, 0],
		[288, "PAD182", "T", 522.44, -1770, 0],
		[289, "PAD183", "T", -330, -462.56, 0],
		[290, "PAD184", "T", -330, -407.44, 0],
		[291, "PAD185", "T", -340, -607.44, 0],
		[292, "PAD186", "T", -340, -662.56, 0],
		[293, "PAD187", "T", 505, -1902.56, 0],
		[294, "PAD188", "T", 505, -1847.44, 0],
		[295, "PAD189", "T", -164.997, 677.556, 0],
		[296, "PAD190", "T", -164.997, 622.436, 0],
		[297, "PAD191", "T", 125, 622.44, 0],
		[298, "PAD192", "T", 125, 677.56, 0],
		[299, "PAD193", "T", -162.442, -810.0015, 0],
		[300, "PAD194", "T", -162.442, -754.8815, 0],
		[301, "PAD195", "T", -112.56, -680, 0],
		[302, "PAD196", "T", -57.44, -680, 0],
		[303, "PAD197", "T", 115, -797.56, 0],
		[304, "PAD198", "T", 115, -742.44, 0],
		[305, "PAD199", "T", 194.88, -662.56, 0],
		[306, "PAD200", "T", 250, -662.56, 0],
		[307, "PAD201", "T", -230, -259.66, 0],
		[308, "PAD202", "T", -230, -200.34, 0],
		[309, "PAD203", "T", 181.6096, -324.66, 0],
		[310, "PAD204", "T", 181.6096, -265.34, 0],
		[311, "PAD205", "T", 250, -265.34, 0],
		[312, "PAD206", "T", 250, -324.66, 0],
		[313, "PAD207", "T", 840.34, -645, 0],
		[314, "PAD208", "T", 899.66, -645, 0],
		[315, "PAD209", "T", 584.66, -1695, 0],
		[316, "PAD210", "T", 525.34, -1695, 0],
		[317, "PAD211", "T", -160, -200.34, 0],
		[318, "PAD212", "T", -160, -259.66, 0],
		[319, "PAD213", "T", 985, -1479.66, 0],
		[320, "PAD214", "T", 985, -1420.34, 0],
		[321, "PAD215", "T", 985, -1095.34, 0],
		[322, "PAD216", "T", 985, -1154.66, 0],
		[323, "PAD217", "T", 45, 679.66, 0],
		[324, "PAD218", "T", 45, 620.34, 0],
		[325, "PAD219", "T", -25, 679.66, 0],
		[326, "PAD220", "T", -25, 620.34, 0],
		[327, "PAD221", "T", -95, 620.34, 0],
		[328, "PAD222", "T", -95, 679.66, 0],
		[329, "PAD223", "T", -235, 620.34, 0],
		[330, "PAD224", "T", -235, 679.66, 0],
		[331, "PAD225", "T", 257.6, 485.63, 0],
		[332, "PAD226", "T", 332.4, 485.63, 0],
		[333, "PAD227", "T", 295, 564.37, 0],
		[334, "PAD228", "T", 789.66, -1245, 0],
		[335, "PAD229", "T", 730.34, -1245, 0],
		[336, "PAD230", "T", 789.66, -1310, 0],
		[337, "PAD231", "T", 730.34, -1310, 0],
		[338, "PAD232", "T", 184.66, -1035, 0],
		[339, "PAD233", "T", 125.34, -1035, 0],
		[340, "PAD234", "T", -9.66, -1035, 0],
		[341, "PAD235", "T", 49.66, -1035, 0]
	]
},
"pins": {
	"fields": ["PIN_NO", "PIN_NAME", "PIN_X", "PIN_Y", "LAYER", "PIN_TYPE", "NET_NAME", "NET_TYPE", "PAD_SHAPE", "PAD_SIZEX", "PAD_SIZEY", "HOLE_SIZE", "HOLE_LEN", "PAD_ANGLE"],
	"rows": [
		[1, "BOOT_1", -678.86, -585.945, "T", "SMD", "NET_1", "", "R", 55.118, 35.433, 0, 0, 0],
		[2, "BOOT_2", -411.14, -585.945, "T", "SMD", "IO0", "", "R", 55.118, 35.433, 0, 0, 0],
		[3, "BOOT_3", -678.86, -704.055, "T", "SMD", "NET_2", "", "R", 55.118, 35.433, 0, 0, 0],
		[4, "BOOT_4", -411.14, -704.055, "T", "SMD", "GND", "GND", "R", 55.118, 35.433, 0, 0, 0],
		[5, "C1_1", 930, -917.44, "T", "SMD", "VCC", "", "R", 31.496, 35.433, 0, 0, 270],
		[6, "C1_2", 930, -972.56, "T", "SMD", "GND", "GND", "R", 31.496, 35.433, 0, 0, 270],
		[7, "C2_1", 640, -1027.44, "T", "SMD", "3V3", "", "R", 31.496, 35.433, 0, 0, 270],
		[8, "C2_2", 640, -1082.56, "T", "SMD", "GND", "GND", "R", 31.496, 35.433, 0, 0, 270],
		[9, "C3_1", 522.44, -1770, "T", "SMD", "EN", "", "R", 31.496, 35.433, 0, 0, 0],
		[10, "C3_2", 577.56, -1770, "T", "SMD", "GND", "GND", "R", 31.496, 35.433, 0, 0, 0],
		[11, "C4_1", -330, -407.44, "T", "SMD", "GND", "GND", "R", 31.496, 35.433, 0, 0, 270],
		[12, "C4_2", -330, -462.56, "T", "SMD", "EN", "", "R", 31.496, 35.433, 0, 0, 270],
		[13, "C5_1", -340, -662.56, "T", "SMD", "GND", "GND", "R", 31.496, 35.433, 0, 0, 90],
		[14, "C5_2", -340, -607.44, "T", "SMD", "IO0", "", "R", 31.496, 35.433, 0, 0, 90],
		[15, "C6_1", 595, -1847.44, "T", "SMD", "3V3", "", "R", 31.496, 35.433, 0, 0, 270],
		[16, "C6_2", 595, -1902.56, "T", "SMD", "GND", "GND", "R", 31.496, 35.433, 0, 0, 270],
		[17, "C7_1", 505, -1847.44, "T", "SMD", "3V3", "", "R", 31.496, 35.433, 0, 0, 270],
		[18, "C7_2", 505, -1902.56, "T", "SMD", "GND", "GND", "R", 31.496, 35.433, 0, 0, 270],
		[19, "C8_1", -164.997, 622.436, "T", "SMD", "$1N3910", "", "R", 31.496, 35.433, 0, 0, 90],
		[20, "C8_2", -164.997, 677.556, "T", "SMD", "$1N3948", "", "R", 31.496, 35.433, 0, 0, 90],
		[21, "C9_1", 205, 677.56, "T", "SMD", "$1N3838", "", "R", 31.496, 35.433, 0, 0, 270],
		[22, "C9_2", 205, 622.44, "T", "SMD", "GND", "GND", "R", 31.496, 35.433, 0, 0, 270],
		[23, "C10_1", 125, 677.56, "T", "SMD", "GND", "GND", "R", 31.496, 35.433, 0, 0, 270],
		[24, "C10_2", 125, 622.44, "T", "SMD", "$1N4072", "", "R", 31.496, 35.433, 0, 0, 270],
		[25, "C11_1", 265, 282.44, "T", "SMD", "GND", "GND", "R", 31.496, 35.433, 0, 0, 90],
		[26, "C11_2", 265, 337.56, "T", "SMD", "3V3", "", "R", 31.496, 35.433, 0, 0, 90],
		[27, "C12_1", -162.442, -754.8815, "T", "SMD", "GND", "GND", "R", 31.496, 35.433, 0, 0, 270],
		[28, "C12_2", -162.442, -810.0015, "T", "SMD", "$1N4975", "", "R", 31.496, 35.433, 0, 0, 270],
		[29, "C13_1", -57.44, -680, "T", "SMD", "3V3", "", "R", 31.496, 35.433, 0, 0, 180],
		[30, "C13_2", -112.56, -680, "T", "SMD", "GND", "GND", "R", 31.496, 35.433, 0, 0, 180],
		[31, "C14_1", 115, -742.44, "T", "SMD", "3V3", "", "R", 31.496, 35.433, 0, 0, 270],
		[32, "C14_2", 115, -797.56, "T", "SMD", "GND", "GND", "R", 31.496, 35.433, 0, 0, 270],
		[33, "C15_1", 250, -662.56, "T", "SMD", "3V3", "", "R", 31.496, 35.433, 0, 0, 180],
		[34, "C15_2", 194.88, -662.56, "T", "SMD", "GND", "GND", "R", 31.496, 35.433, 0, 0, 180],
		[35, "D2_1", 995.24, -1312.4, "T", "SMD", "DN", "", "R", 20.945, 42.205, 0, 0, 90],
		[36, "D2_2", 995.24, -1275, "T", "SMD", "GND", "GND", "R", 20.945, 42.205, 0, 0, 90],
		[37, "D2_3", 995.24, -1237.6, "T", "SMD", "DP", "", "R", 20.945, 42.205, 0, 0, 90],
		[38, "D2_4", 904.76, -1237.6, "T", "SMD", "USB_D+", "", "R", 20.945, 42.205, 0, 0, 90],
		[39, "D2_5", 904.76, -1275, "T", "SMD", "VCC", "", "R", 20.945, 42.205, 0, 0, 90],
		[40, "D2_6", 904.76, -1312.4, "T", "SMD", "USB_D-", "", "R", 20.945, 42.205, 0, 0, 90],
		[41, "FTDI_1", -875, -250, "T", "DIP", "GND", "GND", "R", 70.866, 70.866, 40.158, 40.158, 270],
		[42, "FTDI_1", -875, -250, "B", "DIP", "GND", "GND", "R", 70.866, 70.866, 40.158, 40.158, 270],
		[43, "FTDI_2", -875, -350, "T", "DIP", "NET_3", "", "C", 62.992, 62.992, 40.158, 40.158, 270],
		[44, "FTDI_2", -875, -350, "B", "DIP", "NET_3", "", "C", 62.992, 62.992, 40.158, 40.158, 270],
		[45, "FTDI_3", -875, -450, "T", "DIP", "3V3", "", "C", 62.992, 62.992, 40.158, 40.158, 270],
		[46, "FTDI_3", -875, -450, "B", "DIP", "3V3", "", "C", 62.992, 62.992, 40.158, 40.158, 270],
		[47, "FTDI_4", -875, -550, "T", "DIP", "RXD0", "", "C", 62.992, 62.992, 40.158, 40.158, 270],
		[48, "FTDI_4", -875, -550, "B", "DIP", "RXD0", "", "C", 62.992, 62.992, 40.158, 40.158, 270],
		[49, "FTDI_5", -875, -650, "T", "DIP", "TXD0", "", "C", 62.992, 62.992, 40.158, 40.158, 270],
		[50, "FTDI_5", -875, -650, "B", "DIP", "TXD0", "", "C", 62.992, 62.992, 40.158, 40.158, 270],
		[51, "FTDI_6", -875, -750, "T", "DIP", "NET_4", "", "C", 62.992, 62.992, 40.158, 40.158, 270],
		[52, "FTDI_6", -875, -750, "B", "DIP", "NET_4", "", "C", 62.992, 62.992, 40.158, 40.158, 270],
		[53, "HC_1", -52.0347, -1136.9759, "T", "SMD", "HX_SCK", "", "C", 19.685, 19.685, 0, 0, 0],
		[54, "HD_1", -97.0347, -1117.6059, "T", "SMD", "HX_DOUT", "", "C", 19.685, 19.685, 0, 0, 0],
		[55, "HX711_1", -150, 1045, "T", "DIP", "$1N3916", "", "R", 66.929, 66.929, 43.308, 43.308, 0],
		[56, "HX711_1", -150, 1045, "B", "DIP", "$1N3916", "", "R", 66.929, 66.929, 43.308, 43.308, 0],
		[57, "HX711_2", -50, 1045, "T", "DIP", "$1N3880", "", "C", 66.929, 66.929, 43.308, 43.308, 0],
		[58, "HX711_2", -50, 1045, "B", "DIP", "$1N3880", "", "C", 66.929, 66.929, 43.308, 43.308, 0],
		[59, "HX711_3", 50, 1045, "T", "DIP", "GND", "GND", "C", 66.929, 66.929, 43.308, 43.308, 0],
		[60, "HX711_3", 50, 1045, "B", "DIP", "GND", "GND", "C", 66.929, 66.929, 43.308, 43.308, 0],
		[61, "HX711_4", 150, 1045, "T", "DIP", "$1N3838", "", "C", 66.929, 66.929, 43.308, 43.308, 0],
		[62, "HX711_4", 150, 1045, "B", "DIP", "$1N3838", "", "C", 66.929, 66.929, 43.308, 43.308, 0],
		[63, "PWR_1", 666.58, -287.795, "T", "SMD", "NET_5", "", "R", 47.24, 78.74, 0, 0, 180],
		[64, "PWR_2", 765, -287.795, "T", "SMD", "$1N2036", "", "R", 47.24, 78.74, 0, 0, 180],
		[65, "PWR_3", 863.42, -287.795, "T", "SMD", "VCC", "", "R", 47.24, 78.74, 0, 0, 180],
		[66, "PWR_4", 666.58, -512.205, "T", "SMD", "NET_6", "", "R", 47.24, 78.74, 0, 0, 180],
		[67, "PWR_5", 765, -512.195, "T", "SMD", "$1N2036", "", "R", 47.24, 78.74, 0, 0, 180],
		[68, "PWR_6", 863.42, -512.205, "T", "SMD", "VCC", "", "R", 47.24, 78.74, 0, 0, 180],
		[69, "PYRO-1_1", -1255, 363.895, "T", "DIP", "$1N6059", "", "C", 70.866, 70.866, 43.308, 43.308, 270],
		[70, "PYRO-1_1", -1255, 363.895, "B", "DIP", "$1N6059", "", "C", 70.866, 70.866, 43.308, 43.308, 270],
		[71, "PYRO-1_2", -1255, 226.105, "T", "DIP", "VCC", "", "C", 70.866, 70.866, 43.308, 43.308, 270],
		[72, "PYRO-1_2", -1255, 226.105, "B", "DIP", "VCC", "", "C", 70.866, 70.866, 43.308, 43.308, 270],
		[73, "Q1_1", 822.4, -706.64, "T", "SMD", "$1N2017", "", "R", 40.846, 20.945, 0, 0, 90],
		[74, "Q1_2", 747.6, -706.64, "T", "SMD", "$1N2036", "", "R", 40.846, 20.945, 0, 0, 90],
		[75, "Q1_3", 785, -793.36, "T", "SMD", "$1N1965", "", "R", 40.846, 20.945, 0, 0, 90],
		[76, "Q2_1", 851.18, -1022.4, "T", "SMD", "VCC", "", "R", 19.685, 35.433, 0, 0, 90],
		[77, "Q2_2", 851.18, -985, "T", "SMD", "GND", "GND", "R", 19.685, 35.433, 0, 0, 90],
		[78, "Q2_3", 851.18, -947.6, "T", "SMD", "VCC", "", "R", 19.685, 35.433, 0, 0, 90],
		[79, "Q2_4", 748.82, -947.6, "T", "SMD", "NET_7", "", "R", 19.685, 35.433, 0, 0, 90],
		[80, "Q2_5", 748.82, -1022.4, "T", "SMD", "3V3", "", "R", 19.685, 35.433, 0, 0, 90],
		[81, "Q3_1", 257.6, 485.63, "T", "SMD", "$1N4280", "", "R", 49.213, 27.559, 0, 0, 270],
		[82, "Q3_2", 332.4, 485.63, "T", "SMD", "3V3", "", "R", 49.213, 27.559, 0, 0, 270],
		[83, "Q3_3", 295, 564.37, "T", "SMD", "$1N3838", "", "R", 49.213, 27.559, 0, 0, 270],
		[84, "Q4_1", -33.31, -234.41, "T", "SMD", "GND", "GND", "R", 13.78, 33.465, 0, 0, 270],
		[85, "Q4_2", -33.31, -260, "T", "SMD", "$1N6050", "", "R", 13.78, 33.465, 0, 0, 270],
		[86, "Q4_3", -33.31, -285.59, "T", "SMD", "$1N6059", "", "R", 13.78, 33.465, 0, 0, 270],
		[87, "Q4_4", 53.31, -285.59, "T", "SMD", "GND", "GND", "R", 13.78, 33.465, 0, 0, 270],
		[88, "Q4_5", 53.31, -260, "T", "SMD", "$1N6051", "", "R", 13.78, 33.465, 0, 0, 270],
		[89, "Q4_6", 53.31, -234.41, "T", "SMD", "$1N6055", "", "R", 13.78, 33.465, 0, 0, 270],
		[90, "R1_1", 985, -1420.34, "T", "SMD", "CC1", "", "R", 31.751, 34.016, 0, 0, 270],
		[91, "R1_2", 985, -1479.66, "T", "SMD", "GND", "GND", "R", 31.751, 34.016, 0, 0, 270],
		[92, "R2_1", 985, -1154.66, "T", "SMD", "CC2", "", "R", 31.751, 34.016, 0, 0, 90],
		[93, "R2_2", 985, -1095.34, "T", "SMD", "GND", "GND", "R", 31.751, 34.016, 0, 0, 90],
		[94, "R3_1", 730.34, -1245, "T", "SMD", "USB_DP", "", "R", 31.751, 34.016, 0, 0, 0],
		[95, "R3_2", 789.66, -1245, "T", "SMD", "USB_D+", "", "R", 31.751, 34.016, 0, 0, 0],
		[96, "R4_1", 730.34, -1310, "T", "SMD", "USB_DN", "", "R", 31.751, 34.016, 0, 0, 0],
		[97, "R4_2", 789.66, -1310, "T", "SMD", "USB_D-", "", "R", 31.751, 34.016, 0, 0, 0],
		[98, "R5_1", 899.66, -645, "T", "SMD", "GND", "GND", "R", 31.751, 34.016, 0, 0, 180],
		[99, "R5_2", 840.34, -645, "T", "SMD", "$1N2017", "", "R", 31.751, 34.016, 0, 0, 180],
		[100, "R6_1", 525.34, -1695, "T", "SMD", "EN", "", "R", 31.751, 34.016, 0, 0, 0],
		[101, "R6_2", 584.66, -1695, "T", "SMD", "3V3", "", "R", 31.751, 34.016, 0, 0, 0],
		[102, "R7_1", -95, 679.66, "T", "SMD", "$1N3880", "", "R", 31.751, 34.016, 0, 0, 270],
		[103, "R7_2", -95, 620.34, "T", "SMD", "$1N3910", "", "R", 31.751, 34.016, 0, 0, 270],
		[104, "R8_1", -235, 679.66, "T", "SMD", "$1N3916", "", "R", 31.751, 34.016, 0, 0, 270],
		[105, "R8_2", -235, 620.34, "T", "SMD", "$1N3948", "", "R", 31.751, 34.016, 0, 0, 270],
		[106, "R9_1", 45, 620.34, "T", "SMD", "$1N4107", "", "R", 31.751, 34.016, 0, 0, 90],
		[107, "R9_2", 45, 679.66, "T", "SMD", "$1N3838", "", "R", 31.751, 34.016, 0, 0, 90],
		[108, "R10_1", -25, 620.34, "T", "SMD", "GND", "GND", "R", 31.751, 34.016, 0, 0, 90],
		[109, "R10_2", -25, 679.66, "T", "SMD", "$1N4107", "", "R", 31.751, 34.016, 0, 0, 90],
		[110, "R11_1", 125.34, -1035, "T", "SMD", "SDA", "", "R", 31.751, 34.016, 0, 0, 0],
		[111, "R11_2", 184.66, -1035, "T", "SMD", "3V3", "", "R", 31.751, 34.016, 0, 0, 0],
		[112, "R12_1", 49.66, -1035, "T", "SMD", "SCL", "", "R", 31.751, 34.016, 0, 0, 180],
		[113, "R12_2", -9.66, -1035, "T", "SMD", "3V3", "", "R", 31.751, 34.016, 0, 0, 180],
		[114, "R35_1", -230, -200.34, "T", "SMD", "PYRO_SIG_1", "", "R", 31.751, 34.016, 0, 0, 270],
		[115, "R35_2", -230, -259.66, "T", "SMD", "$1N6050", "", "R", 31.751, 34.016, 0, 0, 270],
		[116, "R37_1", 181.6096, -265.34, "T", "SMD", "$1N6051", "", "R", 31.751, 34.016, 0, 0, 270],
		[117, "R37_2", 181.6096, -324.66, "T", "SMD", "PYRO_SIG_2", "", "R", 31.751, 34.016, 0, 0, 270],
		[118, "R38_1", 250, -324.66, "T", "SMD", "GND", "GND", "R", 31.751, 34.016, 0, 0, 90],
		[119, "R38_2", 250, -265.34, "T", "SMD", "$1N6051", "", "R", 31.751, 34.016, 0, 0, 90],
		[120, "R39_1", -160, -259.66, "T", "SMD", "$1N6050", "", "R", 31.751, 34.016, 0, 0, 90],
		[121, "R39_2", -160, -200.34, "T", "SMD", "GND", "GND", "R", 31.751, 34.016, 0, 0, 90],
		[122, "RST_1", -411.14, -494.055, "T", "SMD", "EN", "", "R", 55.118, 35.433, 0, 0, 180],
		[123, "RST_2", -678.86, -494.055, "T", "SMD", "NET_8", "", "R", 55.118, 35.433, 0, 0, 180],
		[124, "RST_3", -411.14, -375.945, "T", "SMD", "GND", "GND", "R", 55.118, 35.433, 0, 0, 180],
		[125, "RST_4", -678.86, -375.945, "T", "SMD", "NET_9", "", "R", 55.118, 35.433, 0, 0, 180],
		[126, "SCREW1_1", -1261.8898, -1841.4961, "T", "DIP", "NET_10", "", "C", 157.4803, 157.4803, 78.7402, 78.7402, 0],
		[127, "SCREW1_1", -1261.8898, -1841.4961, "B", "DIP", "NET_10", "", "C", 157.4803, 157.4803, 78.7402, 78.7402, 0],
		[128, "SCREW2_1", 1257.7953, -1841.4961, "T", "DIP", "NET_11", "", "C", 157.4803, 157.4803, 78.7402, 78.7402, 0],
		[129, "SCREW2_1", 1257.7953, -1841.4961, "B", "DIP", "NET_11", "", "C", 157.4803, 157.4803, 78.7402, 78.7402, 0],
		[130, "SCREW3_1", -1258.5072, 1071.8898, "T", "DIP", "NET_12", "", "C", 157.4803, 157.4803, 78.7402, 78.7402, 0],
		[131, "SCREW3_1", -1258.5072, 1071.8898, "B", "DIP", "NET_12", "", "C", 157.4803, 157.4803, 78.7402, 78.7402, 0],
		[132, "SCREW4_1", 1250, 1071.8898, "T", "DIP", "NET_13", "", "C", 157.4803, 157.4803, 78.7402, 78.7402, 0],
		[133, "SCREW4_1", 1250, 1071.8898, "B", "DIP", "NET_13", "", "C", 157.4803, 157.4803, 78.7402, 78.7402, 0],
		[134, "U2_1", 339.49, -1905.195, "T", "SMD", "GND", "GND", "R", 59.055, 35.433, 0, 0, 180],
		[135, "U2_2", 339.49, -1855.195, "T", "SMD", "3V3", "", "R", 59.055, 35.433, 0, 0, 180],
		[136, "U2_3", 339.49, -1805.195, "T", "SMD", "EN", "", "R", 59.055, 35.433, 0, 0, 180],
		[137, "U2_4", 339.49, -1755.195, "T", "SMD", "GPIO4", "", "R", 59.055, 35.433, 0, 0, 180],
		[138, "U2_5", 339.49, -1705.195, "T", "SMD", "GPIO5", "", "R", 59.055, 35.433, 0, 0, 180],
		[139, "U2_6", 339.49, -1655.195, "T", "SMD", "GPIO6", "", "R", 59.055, 35.433, 0, 0, 180],
		[140, "U2_7", 339.49, -1605.195, "T", "SMD", "GPIO7", "", "R", 59.055, 35.433, 0, 0, 180],
		[141, "U2_8", 339.49, -1555.195, "T", "SMD", "GPIO15", "", "R", 59.055, 35.433, 0, 0, 180],
		[142, "U2_9", 339.49, -1505.195, "T", "SMD", "GPIO16", "", "R", 59.055, 35.433, 0, 0, 180],
		[143, "U2_10", 339.49, -1455.195, "T", "SMD", "GPIO17", "", "R", 59.055, 35.433, 0, 0, 180],
		[144, "U2_11", 339.49, -1405.195, "T", "SMD", "GPIO18", "", "R", 59.055, 35.433, 0, 0, 180],
		[145, "U2_12", 339.49, -1355.195, "T", "SMD", "GPIO8", "", "R", 59.055, 35.433, 0, 0, 180],
		[146, "U2_13", 339.49, -1305.195, "T", "SMD", "USB_DN", "", "R", 59.055, 35.433, 0, 0, 180],
		[147, "U2_14", 339.49, -1255.195, "T", "SMD", "USB_DP", "", "R", 59.055, 35.433, 0, 0, 180],
		[148, "U2_15", 270, -1204.805, "T", "SMD", "NET_14", "", "R", 59.055, 35.433, 0, 0, 270],
		[149, "U2_16", 220, -1204.805, "T", "SMD", "NET_15", "", "R", 59.055, 35.433, 0, 0, 270],
		[150, "U2_17", 170, -1204.805, "T", "SMD", "PYRO_SIG_2", "", "R", 59.055, 35.433, 0, 0, 270],
		[151, "U2_18", 120, -1204.805, "T", "SMD", "SDA", "", "R", 59.055, 35.433, 0, 0, 270],
		[152, "U2_19", 70, -1204.805, "T", "SMD", "SCL", "", "R", 59.055, 35.433, 0, 0, 270],
		[153, "U2_20", 20, -1204.805, "T", "SMD", "GPIO12", "", "R", 59.055, 35.433, 0, 0, 270],
		[154, "U2_21", -30, -1204.805, "T", "SMD", "HX_SCK", "", "R", 59.055, 35.433, 0, 0, 270],
		[155, "U2_22", -80, -1204.805, "T", "SMD", "HX_DOUT", "", "R", 59.055, 35.433, 0, 0, 270],
		[156, "U2_23", -130, -1204.805, "T", "SMD", "GPIO21", "", "R", 59.055, 35.433, 0, 0, 270],
		[157, "U2_24", -180, -1204.805, "T", "SMD", "GPIO47", "", "R", 59.055, 35.433, 0, 0, 270],
		[158, "U2_25", -230, -1204.805, "T", "SMD", "PYRO_SIG_1", "", "R", 59.055, 35.433, 0, 0, 270],
		[159, "U2_26", -280, -1205.985, "T", "SMD", "NET_16", "", "R", 59.055, 35.433, 0, 0, 270],
		[160, "U2_27", -349.49, -1255.195, "T", "SMD", "IO0", "", "R", 59.055, 35.433, 0, 0, 0],
		[161, "U2_28", -349.49, -1305.195, "T", "SMD", "MOSI", "", "R", 59.055, 35.433, 0, 0, 0],
		[162, "U2_29", -349.49, -1355.195, "T", "SMD", "SCK", "", "R", 59.055, 35.433, 0, 0, 0],
		[163, "U2_30", -349.49, -1405.195, "T", "SMD", "MISO", "", "R", 59.055, 35.433, 0, 0, 0],
		[164, "U2_31", -349.49, -1455.195, "T", "SMD", "DIO0", "", "R", 59.055, 35.433, 0, 0, 0],
		[165, "U2_32", -349.49, -1505.195, "T", "SMD", "CS", "", "R", 59.055, 35.433, 0, 0, 0],
		[166, "U2_33", -349.49, -1555.195, "T", "SMD", "GPIO40", "", "R", 59.055, 35.433, 0, 0, 0],
		[167, "U2_34", -349.49, -1605.195, "T", "SMD", "GPIO41", "", "R", 59.055, 35.433, 0, 0, 0],
		[168, "U2_35", -349.49, -1655.195, "T", "SMD", "GPIO42", "", "R", 59.055, 35.433, 0, 0, 0],
		[169, "U2_36", -349.49, -1705.195, "T", "SMD", "RXD0", "", "R", 59.055, 35.433, 0, 0, 0],
		[170, "U2_37", -349.49, -1755.195, "T", "SMD", "TXD0", "", "R", 59.055, 35.433, 0, 0, 0],
		[171, "U2_38", -349.49, -1805.195, "T", "SMD", "GPIO2", "", "R", 59.055, 35.433, 0, 0, 0],
		[172, "U2_39", -349.49, -1855.195, "T", "SMD", "RA_RST", "", "R", 59.055, 35.433, 0, 0, 0],
		[173, "U2_40", -349.49, -1905.195, "T", "SMD", "GND", "GND", "R", 59.055, 35.433, 0, 0, 0],
		[174, "U2_41", -1.06, -1546.135, "T", "SMD", "GND", "GND", "R", 35.433, 35.433, 0, 0, 270],
		[175, "U2_41", 54.06, -1546.135, "T", "SMD", "GND", "GND", "R", 35.433, 35.433, 0, 0, 270],
		[176, "U2_41", 109.18, -1546.135, "T", "SMD", "GND", "GND", "R", 35.433, 35.433, 0, 0, 270],
		[177, "U2_41", 109.18, -1656.375, "T", "SMD", "GND", "GND", "R", 35.433, 35.433, 0, 0, 270],
		[178, "U2_41", 54.06, -1656.375, "T", "SMD", "GND", "GND", "R", 35.433, 35.433, 0, 0, 270],
		[179, "U2_41", -1.06, -1656.375, "T", "SMD", "GND", "GND", "R", 35.433, 35.433, 0, 0, 270],
		[180, "U2_41", -1.06, -1601.255, "T", "SMD", "GND", "GND", "R", 35.433, 35.433, 0, 0, 270],
		[181, "U2_41", 109.18, -1601.255, "T", "SMD", "GND", "GND", "R", 35.433, 35.433, 0, 0, 270],
		[182, "U2_41", 54.06, -1601.255, "T", "SMD", "GND", "GND", "R", 35.433, 35.433, 0, 0, 270],
		[183, "U3_1", 1165, -453.27, "T", "DIP", "GND", "GND", "C", 228.346, 228.346, 173.228, 173.228, 270],
		[184, "U3_1", 1165, -453.27, "B", "DIP", "GND", "GND", "C", 228.346, 228.346, 173.228, 173.228, 270],
		[185, "U3_2", 1165, -736.73, "T", "DIP", "$1N1965", "", "C", 228.346, 228.346, 173.228, 173.228, 270],
		[186, "U3_2", 1165, -736.73, "B", "DIP", "$1N1965", "", "C", 228.346, 228.346, 173.228, 173.228, 270],
		[187, "U4_1", -1159.964, -1164.406, "T", "SMD", "GND", "GND", "R", 86.614, 55.118, 0, 0, 0],
		[188, "U4_2", -1159.964, -1243.146, "T", "SMD", "GND", "GND", "R", 86.614, 55.118, 0, 0, 0],
		[189, "U4_3", -1159.964, -1321.886, "T", "SMD", "3V3", "", "R", 86.614, 55.118, 0, 0, 0],
		[190, "U4_4", -1159.964, -1400.626, "T", "SMD", "RA_RST", "", "R", 86.614, 55.118, 0, 0, 0],
		[191, "U4_5", -1159.964, -1479.366, "T", "SMD", "DIO0", "", "R", 86.614, 55.118, 0, 0, 0],
		[192, "U4_6", -1159.964, -1558.106, "T", "SMD", "NET_17", "", "R", 86.614, 55.118, 0, 0, 0],
		[193, "U4_7", -1159.964, -1636.846, "T", "SMD", "NET_18", "", "R", 86.614, 55.118, 0, 0, 0],
		[194, "U4_8", -1159.964, -1715.586, "T", "SMD", "NET_19", "", "R", 86.614, 55.118, 0, 0, 0],
		[195, "U4_9", -530.044, -1715.586, "T", "SMD", "GND", "GND", "R", 86.614, 55.118, 0, 0, 0],
		[196, "U4_10", -530.044, -1636.846, "T", "SMD", "NET_20", "", "R", 86.614, 55.118, 0, 0, 0],
		[197, "U4_11", -530.044, -1558.106, "T", "SMD", "NET_21", "", "R", 86.614, 55.118, 0, 0, 0],
		[198, "U4_12", -530.044, -1479.366, "T", "SMD", "SCK", "", "R", 86.614, 55.118, 0, 0, 0],
		[199, "U4_13", -530.044, -1400.626, "T", "SMD", "MISO", "", "R", 86.614, 55.118, 0, 0, 0],
		[200, "U4_14", -530.044, -1321.886, "T", "SMD", "MOSI", "", "R", 86.614, 55.118, 0, 0, 0],
		[201, "U4_15", -530.044, -1243.206, "T", "SMD", "CS", "", "R", 86.614, 55.118, 0, 0, 0],
		[202, "U4_16", -530.044, -1164.406, "T", "SMD", "3V3", "", "R", 86.614, 55.118, 0, 0, 0],
		[203, "U5_1", 165, 428.09, "T", "SMD", "3V3", "", "O", 22.047, 68.701, 0, 0, 180],
		[204, "U5_2", 115, 428.09, "T", "SMD", "$1N4280", "", "O", 22.047, 68.701, 0, 0, 180],
		[205, "U5_3", 65, 428.09, "T", "SMD", "$1N3838", "", "O", 22.047, 68.701, 0, 0, 180],
		[206, "U5_4", 15, 428.09, "T", "SMD", "$1N4107", "", "O", 22.047, 68.701, 0, 0, 180],
		[207, "U5_5", -35, 428.09, "T", "SMD", "GND", "GND", "O", 22.047, 68.701, 0, 0, 180],
		[208, "U5_6", -85, 428.09, "T", "SMD", "$1N4072", "", "O", 22.047, 68.701, 0, 0, 180],
		[209, "U5_7", -135, 428.09, "T", "SMD", "$1N3910", "", "O", 22.047, 68.701, 0, 0, 180],
		[210, "U5_8", -185, 428.09, "T", "SMD", "$1N3948", "", "O", 22.047, 68.701, 0, 0, 180],
		[211, "U5_9", -185, 201.91, "T", "SMD", "GND", "GND", "O", 22.047, 68.701, 0, 0, 180],
		[212, "U5_10", -135, 201.91, "T", "SMD", "GND", "GND", "O", 22.047, 68.701, 0, 0, 180],
		[213, "U5_11", -85, 201.91, "T", "SMD", "HX_SCK", "", "O", 22.047, 68.701, 0, 0, 180],
		[214, "U5_12", -35, 201.91, "T", "SMD", "HX_DOUT", "", "O", 22.047, 68.701, 0, 0, 180],
		[215, "U5_13", 15, 201.91, "T", "SMD", "NET_22", "", "O", 22.047, 68.701, 0, 0, 180],
		[216, "U5_14", 65, 201.91, "T", "SMD", "GND", "GND", "O", 22.047, 68.701, 0, 0, 180],
		[217, "U5_15", 115, 201.91, "T", "SMD", "GND", "GND", "O", 22.047, 68.701, 0, 0, 180],
		[218, "U5_16", 165, 201.91, "T", "SMD", "3V3", "", "O", 22.047, 68.701, 0, 0, 180],
		[219, "U6_1", -79.84, -809.3, "T", "SMD", "$1N4975", "", "R", 11.811, 19.685, 0, 0, 180],
		[220, "U6_2", -60.16, -809.3, "T", "SMD", "SCL", "", "R", 11.811, 19.685, 0, 0, 180],
		[221, "U6_3", -35.78, -794.68, "T", "SMD", "GND", "GND", "R", 11.811, 19.685, 0, 0, 90],
		[222, "U6_4", -35.78, -775, "T", "SMD", "SDA", "", "R", 11.811, 19.685, 0, 0, 270],
		[223, "U6_5", -35.78, -755.31, "T", "SMD", "GND", "GND", "R", 11.811, 19.685, 0, 0, 270],
		[224, "U6_6", -60.16, -740.7, "T", "SMD", "3V3", "", "R", 11.811, 19.685, 0, 0, 0],
		[225, "U6_7", -79.84, -740.7, "T", "SMD", "NET_23", "", "R", 11.811, 19.685, 0, 0, 0],
		[226, "U6_8", -104.22, -755.31, "T", "SMD", "GND", "GND", "R", 11.811, 19.685, 0, 0, 90],
		[227, "U6_9", -104.22, -775, "T", "SMD", "GND", "GND", "R", 11.811, 19.685, 0, 0, 90],
		[228, "U6_10", -104.22, -794.68, "T", "SMD", "$1N4975", "", "R", 11.811, 19.685, 0, 0, 90],
		[229, "U7_1", 273.827, -794.53, "T", "SMD", "GND", "GND", "R", 26.575, 11.024, 0, 0, 180],
		[230, "U7_2", 273.827, -774.84, "T", "SMD", "GND", "GND", "R", 26.575, 11.024, 0, 0, 180],
		[231, "U7_3", 273.827, -755.16, "T", "SMD", "GND", "GND", "R", 26.575, 11.024, 0, 0, 180],
		[232, "U7_4", 273.827, -735.47, "T", "SMD", "NET_24", "", "R", 26.575, 11.024, 0, 0, 180],
		[233, "U7_5", 243.827, -725.14, "T", "SMD", "3V3", "", "R", 11.024, 26.575, 0, 0, 180],
		[234, "U7_6", 224.147, -725.14, "T", "SMD", "GND", "GND", "R", 11.024, 26.575, 0, 0, 180],
		[235, "U7_7", 204.457, -725.14, "T", "SMD", "GND", "GND", "R", 11.024, 26.575, 0, 0, 180],
		[236, "U7_8", 174.457, -735.47, "T", "SMD", "3V3", "", "R", 26.575, 11.024, 0, 0, 180],
		[237, "U7_9", 174.457, -755.16, "T", "SMD", "NET_25", "", "R", 26.575, 11.024, 0, 0, 180],
		[238, "U7_10", 174.457, -774.84, "T", "SMD", "NET_26", "", "R", 26.575, 11.024, 0, 0, 180],
		[239, "U7_11", 174.457, -794.53, "T", "SMD", "NET_27", "", "R", 26.575, 11.024, 0, 0, 180],
		[240, "U7_12", 204.457, -804.86, "T", "SMD", "3V3", "", "R", 11.024, 26.575, 0, 0, 180],
		[241, "U7_13", 224.147, -804.86, "T", "SMD", "SCL", "", "R", 11.024, 26.575, 0, 0, 180],
		[242, "U7_14", 243.827, -804.86, "T", "SMD", "SDA", "", "R", 11.024, 26.575, 0, 0, 180],
		[243, "U8_1", 1250, 226.105, "T", "DIP", "VCC", "", "C", 70.866, 70.866, 43.308, 43.308, 90],
		[244, "U8_1", 1250, 226.105, "B", "DIP", "VCC", "", "C", 70.866, 70.866, 43.308, 43.308, 90],
		[245, "U8_2", 1250, 363.895, "T", "DIP", "$1N6055", "", "C", 70.866, 70.866, 43.308, 43.308, 90],
		[246, "U8_2", 1250, 363.895, "B", "DIP", "$1N6055", "", "C", 70.866, 70.866, 43.308, 43.308, 90],
		[247, "U10_1", 657.8, 1070, "T", "DIP", "GPIO16", "", "C", 70.866, 70.866, 43.308, 43.308, 180],
		[248, "U10_1", 657.8, 1070, "B", "DIP", "GPIO16", "", "C", 70.866, 70.866, 43.308, 43.308, 180],
		[249, "U10_2", 520.005, 1070, "T", "DIP", "GPIO17", "", "C", 70.866, 70.866, 43.308, 43.308, 180],
		[250, "U10_2", 520.005, 1070, "B", "DIP", "GPIO17", "", "C", 70.866, 70.866, 43.308, 43.308, 180],
		[251, "U10_3", 382.21, 1070, "T", "DIP", "GPIO18", "", "C", 70.866, 70.866, 43.308, 43.308, 180],
		[252, "U10_3", 382.21, 1070, "B", "DIP", "GPIO18", "", "C", 70.866, 70.866, 43.308, 43.308, 180],
		[253, "U12_1", 1250, 541.105, "T", "DIP", "GPIO4", "", "C", 70.866, 70.866, 43.308, 43.308, 90],
		[254, "U12_1", 1250, 541.105, "B", "DIP", "GPIO4", "", "C", 70.866, 70.866, 43.308, 43.308, 90],
		[255, "U12_2", 1250, 678.895, "T", "DIP", "GPIO5", "", "C", 70.866, 70.866, 43.308, 43.308, 90],
		[256, "U12_2", 1250, 678.895, "B", "DIP", "GPIO5", "", "C", 70.866, 70.866, 43.308, 43.308, 90],
		[257, "U13_1", -1255, 678.895, "T", "DIP", "GPIO40", "", "C", 70.866, 70.866, 43.308, 43.308, 270],
		[258, "U13_1", -1255, 678.895, "B", "DIP", "GPIO40", "", "C", 70.866, 70.866, 43.308, 43.308, 270],
		[259, "U13_2", -1255, 541.105, "T", "DIP", "GPIO42", "", "C", 70.866, 70.866, 43.308, 43.308, 270],
		[260, "U13_2", -1255, 541.105, "B", "DIP", "GPIO42", "", "C", 70.866, 70.866, 43.308, 43.308, 270],
		[261, "U14_1", -1255, 43.895, "T", "DIP", "GPIO41", "", "C", 70.866, 70.866, 43.308, 43.308, 270],
		[262, "U14_1", -1255, 43.895, "B", "DIP", "GPIO41", "", "C", 70.866, 70.866, 43.308, 43.308, 270],
		[263, "U14_2", -1255, -93.895, "T", "DIP", "GPIO2", "", "C", 70.866, 70.866, 43.308, 43.308, 270],
		[264, "U14_2", -1255, -93.895, "B", "DIP", "GPIO2", "", "C", 70.866, 70.866, 43.308, 43.308, 270],
		[265, "U15_1", -372.2, 1070, "T", "DIP", "GPIO21", "", "C", 70.866, 70.866, 43.308, 43.308, 180],
		[266, "U15_1", -372.2, 1070, "B", "DIP", "GPIO21", "", "C", 70.866, 70.866, 43.308, 43.308, 180],
		[267, "U15_2", -509.995, 1070, "T", "DIP", "GPIO47", "", "C", 70.866, 70.866, 43.308, 43.308, 180],
		[268, "U15_2", -509.995, 1070, "B", "DIP", "GPIO47", "", "C", 70.866, 70.866, 43.308, 43.308, 180],
		[269, "U15_3", -647.79, 1070, "T", "DIP", "GPIO12", "", "C", 70.866, 70.866, 43.308, 43.308, 180],
		[270, "U15_3", -647.79, 1070, "B", "DIP", "GPIO12", "", "C", 70.866, 70.866, 43.308, 43.308, 180],
		[271, "U17_1", 1255, -93.895, "T", "DIP", "SDA", "", "C", 70.866, 70.866, 43.308, 43.308, 90],
		[272, "U17_1", 1255, -93.895, "B", "DIP", "SDA", "", "C", 70.866, 70.866, 43.308, 43.308, 90],
		[273, "U17_2", 1255, 43.895, "T", "DIP", "SCL", "", "C", 70.866, 70.866, 43.308, 43.308, 90],
		[274, "U17_2", 1255, 43.895, "B", "DIP", "SCL", "", "C", 70.866, 70.866, 43.308, 43.308, 90],
		[275, "U18_1", -1255, -276.105, "T", "DIP", "CS", "", "C", 70.866, 70.866, 43.308, 43.308, 270],
		[276, "U18_1", -1255, -276.105, "B", "DIP", "CS", "", "C", 70.866, 70.866, 43.308, 43.308, 270],
		[277, "U18_2", -1255, -413.895, "T", "DIP", "MOSI", "", "C", 70.866, 70.866, 43.308, 43.308, 270],
		[278, "U18_2", -1255, -413.895, "B", "DIP", "MOSI", "", "C", 70.866, 70.866, 43.308, 43.308, 270],
		[279, "U19_1", -1255, -591.105, "T", "DIP", "MISO", "", "C", 70.866, 70.866, 43.308, 43.308, 270],
		[280, "U19_1", -1255, -591.105, "B", "DIP", "MISO", "", "C", 70.866, 70.866, 43.308, 43.308, 270],
		[281, "U19_2", -1255, -728.895, "T", "DIP", "SCK", "", "C", 70.866, 70.866, 43.308, 43.308, 270],
		[282, "U19_2", -1255, -728.895, "B", "DIP", "SCK", "", "C", 70.866, 70.866, 43.308, 43.308, 270],
		[283, "U20_1", -841.105, 1075, "T", "DIP", "GND", "GND", "C", 70.866, 70.866, 43.308, 43.308, 180],
		[284, "U20_1", -841.105, 1075, "B", "DIP", "GND", "GND", "C", 70.866, 70.866, 43.308, 43.308, 180],
		[285, "U20_2", -978.895, 1075, "T", "DIP", "3V3", "", "C", 70.866, 70.866, 43.308, 43.308, 180],
		[286, "U20_2", -978.895, 1075, "B", "DIP", "3V3", "", "C", 70.866, 70.866, 43.308, 43.308, 180],
		[287, "U21_1", 978.895, 1070, "T", "DIP", "GND", "GND", "C", 70.866, 70.866, 43.308, 43.308, 180],
		[288, "U21_1", 978.895, 1070, "B", "DIP", "GND", "GND", "C", 70.866, 70.866, 43.308, 43.308, 180],
		[289, "U21_2", 841.105, 1070, "T", "DIP", "3V3", "", "C", 70.866, 70.866, 43.308, 43.308, 180],
		[290, "U21_2", 841.105, 1070, "B", "DIP", "3V3", "", "C", 70.866, 70.866, 43.308, 43.308, 180],
		[291, "USB1_1", 1136.495, -1420.985, "T", "SMD", "GND", "GND", "R", 21.654, 43.307, 0, 0, 90],
		[292, "USB1_2", 1136.495, -1389.485, "T", "SMD", "VCC", "", "R", 21.654, 43.307, 0, 0, 90],
		[293, "USB1_3", 1136.495, -1363.895, "T", "SMD", "NET_28", "", "R", 11.811, 43.307, 0, 0, 90],
		[294, "USB1_4", 1136.495, -1344.205, "T", "SMD", "CC1", "", "R", 11.811, 43.307, 0, 0, 90],
		[295, "USB1_5", 1136.495, -1324.525, "T", "SMD", "DN", "", "R", 11.811, 43.307, 0, 0, 90],
		[296, "USB1_6", 1136.495, -1304.845, "T", "SMD", "DP", "", "R", 11.811, 43.307, 0, 0, 90],
		[297, "USB1_7", 1136.495, -1285.155, "T", "SMD", "DN", "", "R", 11.811, 43.307, 0, 0, 90],
		[298, "USB1_8", 1136.495, -1265.475, "T", "SMD", "DP", "", "R", 11.811, 43.307, 0, 0, 90],
		[299, "USB1_9", 1136.495, -1245.785, "T", "SMD", "NET_29", "", "R", 11.811, 43.307, 0, 0, 90],
		[300, "USB1_10", 1136.495, -1226.095, "T", "SMD", "CC2", "", "R", 11.811, 43.307, 0, 0, 90],
		[301, "USB1_11", 1136.495, -1200.505, "T", "SMD", "VCC", "", "R", 21.654, 43.307, 0, 0, 90],
		[302, "USB1_12", 1136.495, -1169.015, "T", "SMD", "GND", "GND", "R", 21.654, 43.307, 0, 0, 90],
		[303, "USB1_13", 1158.145, -1465.275, "T", "DIP", "GND", "GND", "O", 43.307, 78.74, 23.622, 59.055, 90],
		[304, "USB1_13", 1158.145, -1465.275, "B", "DIP", "GND", "GND", "O", 43.307, 78.74, 23.622, 59.055, 90],
		[305, "USB1_13", 1323.505, -1465.275, "T", "DIP", "GND", "GND", "O", 47.244, 70.866, 23.622, 47.244, 90],
		[306, "USB1_13", 1323.505, -1465.275, "B", "DIP", "GND", "GND", "O", 47.244, 70.866, 23.622, 47.244, 90],
		[307, "USB1_14", 1158.145, -1124.725, "T", "DIP", "GND", "GND", "O", 43.307, 78.74, 23.622, 59.056, 90],
		[308, "USB1_14", 1158.145, -1124.725, "B", "DIP", "GND", "GND", "O", 43.307, 78.74, 23.622, 59.056, 90],
		[309, "USB1_14", 1323.505, -1124.725, "T", "DIP", "GND", "GND", "O", 47.244, 70.866, 23.622, 47.244, 90],
		[310, "USB1_14", 1323.505, -1124.725, "B", "DIP", "GND", "GND", "O", 47.244, 70.866, 23.622, 47.244, 90],
		[311, "PAD1_1", 995.24, -1312.4, "T", "SMD", "DN", "", "R", 20.945, 42.205, 0, 0, 90],
		[312, "PAD2_2", 995.24, -1275, "T", "SMD", "GND", "GND", "R", 20.945, 42.205, 0, 0, 90],
		[313, "PAD3_3", 995.24, -1237.6, "T", "SMD", "DP", "", "R", 20.945, 42.205, 0, 0, 90],
		[314, "PAD4_4", 904.76, -1237.6, "T", "SMD", "USB_D+", "", "R", 20.945, 42.205, 0, 0, 90],
		[315, "PAD5_5", 904.76, -1275, "T", "SMD", "VCC", "", "R", 20.945, 42.205, 0, 0, 90],
		[316, "PAD6_6", 904.76, -1312.4, "T", "SMD", "USB_D-", "", "R", 20.945, 42.205, 0, 0, 90],
		[317, "PAD7_5", -875, -650, "T", "DIP", "TXD0", "", "C", 62.992, 62.992, 40.158, 40.158, 270],
		[318, "PAD7_5", -875, -650, "B", "DIP", "TXD0", "", "C", 62.992, 62.992, 40.158, 40.158, 270],
		[319, "PAD8_4", -875, -550, "T", "DIP", "RXD0", "", "C", 62.992, 62.992, 40.158, 40.158, 270],
		[320, "PAD8_4", -875, -550, "B", "DIP", "RXD0", "", "C", 62.992, 62.992, 40.158, 40.158, 270],
		[321, "PAD9_3", -875, -450, "T", "DIP", "3V3", "", "C", 62.992, 62.992, 40.158, 40.158, 270],
		[322, "PAD9_3", -875, -450, "B", "DIP", "3V3", "", "C", 62.992, 62.992, 40.158, 40.158, 270],
		[323, "PAD10_1", -875, -250, "T", "DIP", "GND", "GND", "R", 70.866, 70.866, 40.158, 40.158, 270],
		[324, "PAD10_1", -875, -250, "B", "DIP", "GND", "GND", "R", 70.866, 70.866, 40.158, 40.158, 270],
		[325, "PAD11_1", -150, 1045, "T", "DIP", "$1N3916", "", "R", 66.929, 66.929, 43.308, 43.308, 0],
		[326, "PAD11_1", -150, 1045, "B", "DIP", "$1N3916", "", "R", 66.929, 66.929, 43.308, 43.308, 0],
		[327, "PAD12_2", -50, 1045, "T", "DIP", "$1N3880", "", "C", 66.929, 66.929, 43.308, 43.308, 0],
		[328, "PAD12_2", -50, 1045, "B", "DIP", "$1N3880", "", "C", 66.929, 66.929, 43.308, 43.308, 0],
		[329, "PAD13_3", 50, 1045, "T", "DIP", "GND", "GND", "C", 66.929, 66.929, 43.308, 43.308, 0],
		[330, "PAD13_3", 50, 1045, "B", "DIP", "GND", "GND", "C", 66.929, 66.929, 43.308, 43.308, 0],
		[331, "PAD14_4", 150, 1045, "T", "DIP", "$1N3838", "", "C", 66.929, 66.929, 43.308, 43.308, 0],
		[332, "PAD14_4", 150, 1045, "B", "DIP", "$1N3838", "", "C", 66.929, 66.929, 43.308, 43.308, 0],
		[333, "PAD15_1", 822.4, -706.64, "T", "SMD", "$1N2017", "", "R", 40.846, 20.945, 0, 0, 90],
		[334, "PAD16_2", 747.6, -706.64, "T", "SMD", "$1N2036", "", "R", 40.846, 20.945, 0, 0, 90],
		[335, "PAD17_3", 785, -793.36, "T", "SMD", "$1N1965", "", "R", 40.846, 20.945, 0, 0, 90],
		[336, "PAD18_1", 851.18, -1022.4, "T", "SMD", "VCC", "", "R", 19.685, 35.433, 0, 0, 90],
		[337, "PAD19_2", 851.18, -985, "T", "SMD", "GND", "GND", "R", 19.685, 35.433, 0, 0, 90],
		[338, "PAD20_3", 851.18, -947.6, "T", "SMD", "VCC", "", "R", 19.685, 35.433, 0, 0, 90],
		[339, "PAD21_5", 748.82, -1022.4, "T", "SMD", "3V3", "", "R", 19.685, 35.433, 0, 0, 90],
		[340, "PAD22_6", 53.31, -234.41, "T", "SMD", "$1N6055", "", "R", 13.78, 33.465, 0, 0, 270],
		[341, "PAD23_5", 53.31, -260, "T", "SMD", "$1N6051", "", "R", 13.78, 33.465, 0, 0, 270],
		[342, "PAD24_4", 53.31, -285.59, "T", "SMD", "GND", "GND", "R", 13.78, 33.465, 0, 0, 270],
		[343, "PAD25_3", -33.31, -285.59, "T", "SMD", "$1N6059", "", "R", 13.78, 33.465, 0, 0, 270],
		[344, "PAD26_2", -33.31, -260, "T", "SMD", "$1N6050", "", "R", 13.78, 33.465, 0, 0, 270],
		[345, "PAD27_1", -33.31, -234.41, "T", "SMD", "GND", "GND", "R", 13.78, 33.465, 0, 0, 270],
		[346, "PAD28_1", -411.14, -494.055, "T", "SMD", "EN", "", "R", 55.118, 35.433, 0, 0, 180],
		[347, "PAD29_3", -411.14, -375.945, "T", "SMD", "GND", "GND", "R", 55.118, 35.433, 0, 0, 180],
		[348, "PAD30_2", -411.14, -585.945, "T", "SMD", "IO0", "", "R", 55.118, 35.433, 0, 0, 0],
		[349, "PAD31_4", -411.14, -704.055, "T", "SMD", "GND", "GND", "R", 55.118, 35.433, 0, 0, 0],
		[350, "PAD32_5", 765, -512.195, "T", "SMD", "$1N2036", "", "R", 47.24, 78.74, 0, 0, 180],
		[351, "PAD33_6", 863.42, -512.205, "T", "SMD", "VCC", "", "R", 47.24, 78.74, 0, 0, 180],
		[352, "PAD34_2", 765, -287.795, "T", "SMD", "$1N2036", "", "R", 47.24, 78.74, 0, 0, 180],
		[353, "PAD35_3", 863.42, -287.795, "T", "SMD", "VCC", "", "R", 47.24, 78.74, 0, 0, 180],
		[354, "PAD36_1", 339.49, -1905.195, "T", "SMD", "GND", "GND", "R", 59.055, 35.433, 0, 0, 180],
		[355, "PAD37_2", 339.49, -1855.195, "T", "SMD", "3V3", "", "R", 59.055, 35.433, 0, 0, 180],
		[356, "PAD38_3", 339.49, -1805.195, "T", "SMD", "EN", "", "R", 59.055, 35.433, 0, 0, 180],
		[357, "PAD39_4", 339.49, -1755.195, "T", "SMD", "GPIO4", "", "R", 59.055, 35.433, 0, 0, 180],
		[358, "PAD40_5", 339.49, -1705.195, "T", "SMD", "GPIO5", "", "R", 59.055, 35.433, 0, 0, 180],
		[359, "PAD41_6", 339.49, -1655.195, "T", "SMD", "GPIO6", "", "R", 59.055, 35.433, 0, 0, 180],
		[360, "PAD42_7", 339.49, -1605.195, "T", "SMD", "GPIO7", "", "R", 59.055, 35.433, 0, 0, 180],
		[361, "PAD43_8", 339.49, -1555.195, "T", "SMD", "GPIO15", "", "R", 59.055, 35.433, 0, 0, 180],
		[362, "PAD44_9", 339.49, -1505.195, "T", "SMD", "GPIO16", "", "R", 59.055, 35.433, 0, 0, 180],
		[363, "PAD45_10", 339.49, -1455.195, "T", "SMD", "GPIO17", "", "R", 59.055, 35.433, 0, 0, 180],
		[364, "PAD46_11", 339.49, -1405.195, "T", "SMD", "GPIO18", "", "R", 59.055, 35.433, 0, 0, 180],
		[365, "PAD47_12", 339.49, -1355.195, "T", "SMD", "GPIO8", "", "R", 59.055, 35.433, 0, 0, 180],
		[366, "PAD48_13", 339.49, -1305.195, "T", "SMD", "USB_DN", "", "R", 59.055, 35.433, 0, 0, 180],
		[367, "PAD49_14", 339.49, -1255.195, "T", "SMD", "USB_DP", "", "R", 59.055, 35.433, 0, 0, 180],
		[368, "PAD50_17", 170, -1204.805, "T", "SMD", "PYRO_SIG_2", "", "R", 59.055, 35.433, 0, 0, 270],
		[369, "PAD51_18", 120, -1204.805, "T", "SMD", "SDA", "", "R", 59.055, 35.433, 0, 0, 270],
		[370, "PAD52_19", 70, -1204.805, "T", "SMD", "SCL", "", "R", 59.055, 35.433, 0, 0, 270],
		[371, "PAD53_20", 20, -1204.805, "T", "SMD", "GPIO12", "", "R", 59.055, 35.433, 0, 0, 270],
		[372, "PAD54_21", -30, -1204.805, "T", "SMD", "HX_SCK", "", "R", 59.055, 35.433, 0, 0, 270],
		[373, "PAD55_22", -80, -1204.805, "T", "SMD", "HX_DOUT", "", "R", 59.055, 35.433, 0, 0, 270],
		[374, "PAD56_23", -130, -1204.805, "T", "SMD", "GPIO21", "", "R", 59.055, 35.433, 0, 0, 270],
		[375, "PAD57_24", -180, -1204.805, "T", "SMD", "GPIO47", "", "R", 59.055, 35.433, 0, 0, 270],
		[376, "PAD58_25", -230, -1204.805, "T", "SMD", "PYRO_SIG_1", "", "R", 59.055, 35.433, 0, 0, 270],
		[377, "PAD59_27", -349.49, -1255.195, "T", "SMD", "IO0", "", "R", 59.055, 35.433, 0, 0, 0],
		[378, "PAD60_28", -349.49, -1305.195, "T", "SMD", "MOSI", "", "R", 59.055, 35.433, 0, 0, 0],
		[379, "PAD61_29", -349.49, -1355.195, "T", "SMD", "SCK", "", "R", 59.055, 35.433, 0, 0, 0],
		[380, "PAD62_30", -349.49, -1405.195, "T", "SMD", "MISO", "", "R", 59.055, 35.433, 0, 0, 0],
		[381, "PAD63_31", -349.49, -1455.195, "T", "SMD", "DIO0", "", "R", 59.055, 35.433, 0, 0, 0],
		[382, "PAD64_32", -349.49, -1505.195, "T", "SMD", "CS", "", "R", 59.055, 35.433, 0, 0, 0],
		[383, "PAD65_33", -349.49, -1555.195, "T", "SMD", "GPIO40", "", "R", 59.055, 35.433, 0, 0, 0],
		[384, "PAD66_34", -349.49, -1605.195, "T", "SMD", "GPIO41", "", "R", 59.055, 35.433, 0, 0, 0],
		[385, "PAD67_35", -349.49, -1655.195, "T", "SMD", "GPIO42", "", "R", 59.055, 35.433, 0, 0, 0],
		[386, "PAD68_36", -349.49, -1705.195, "T", "SMD", "RXD0", "", "R", 59.055, 35.433, 0, 0, 0],
		[387, "PAD69_37", -349.49, -1755.195, "T", "SMD", "TXD0", "", "R", 59.055, 35.433, 0, 0, 0],
		[388, "PAD70_38", -349.49, -1805.195, "T", "SMD", "GPIO2", "", "R", 59.055, 35.433, 0, 0, 0],
		[389, "PAD71_39", -349.49, -1855.195, "T", "SMD", "RA_RST", "", "R", 59.055, 35.433, 0, 0, 0],
		[390, "PAD72_40", -349.49, -1905.195, "T", "SMD", "GND", "GND", "R", 59.055, 35.433, 0, 0, 0],
		[391, "PAD73_41", -1.06, -1546.135, "T", "SMD", "GND", "GND", "R", 35.433, 35.433, 0, 0, 270],
		[392, "PAD74_41", 54.06, -1546.135, "T", "SMD", "GND", "GND", "R", 35.433, 35.433, 0, 0, 270],
		[393, "PAD75_41", 109.18, -1546.135, "T", "SMD", "GND", "GND", "R", 35.433, 35.433, 0, 0, 270],
		[394, "PAD76_41", 109.18, -1656.375, "T", "SMD", "GND", "GND", "R", 35.433, 35.433, 0, 0, 270],
		[395, "PAD77_41", 54.06, -1656.375, "T", "SMD", "GND", "GND", "R", 35.433, 35.433, 0, 0, 270],
		[396, "PAD78_41", -1.06, -1656.375, "T", "SMD", "GND", "GND", "R", 35.433, 35.433, 0, 0, 270],
		[397, "PAD79_41", -1.06, -1601.255, "T", "SMD", "GND", "GND", "R", 35.433, 35.433, 0, 0, 270],
		[398, "PAD80_41", 109.18, -1601.255, "T", "SMD", "GND", "GND", "R", 35.433, 35.433, 0, 0, 270],
		[399, "PAD81_41", 54.06, -1601.255, "T", "SMD", "GND", "GND", "R", 35.433, 35.433, 0, 0, 270],
		[400, "PAD82_1", 1165, -453.27, "T", "DIP", "GND", "GND", "C", 228.346, 228.346, 173.228, 173.228, 270],
		[401, "PAD82_1", 1165, -453.27, "B", "DIP", "GND", "GND", "C", 228.346, 228.346, 173.228, 173.228, 270],
		[402, "PAD83_2", 1165, -736.73, "T", "DIP", "$1N1965", "", "C", 228.346, 228.346, 173.228, 173.228, 270],
		[403, "PAD83_2", 1165, -736.73, "B", "DIP", "$1N1965", "", "C", 228.346, 228.346, 173.228, 173.228, 270],
		[404, "PAD84_1", -1159.964, -1164.406, "T", "SMD", "GND", "GND", "R", 86.614, 55.118, 0, 0, 0],
		[405, "PAD85_2", -1159.964, -1243.146, "T", "SMD", "GND", "GND", "R", 86.614, 55.118, 0, 0, 0],
		[406, "PAD86_3", -1159.964, -1321.886, "T", "SMD", "3V3", "", "R", 86.614, 55.118, 0, 0, 0],
		[407, "PAD87_4", -1159.964, -1400.626, "T", "SMD", "RA_RST", "", "R", 86.614, 55.118, 0, 0, 0],
		[408, "PAD88_5", -1159.964, -1479.366, "T", "SMD", "DIO0", "", "R", 86.614, 55.118, 0, 0, 0],
		[409, "PAD89_9", -530.044, -1715.586, "T", "SMD", "GND", "GND", "R", 86.614, 55.118, 0, 0, 0],
		[410, "PAD90_12", -530.044, -1479.366, "T", "SMD", "SCK", "", "R", 86.614, 55.118, 0, 0, 0],
		[411, "PAD91_13", -530.044, -1400.626, "T", "SMD", "MISO", "", "R", 86.614, 55.118, 0, 0, 0],
		[412, "PAD92_14", -530.044, -1321.886, "T", "SMD", "MOSI", "", "R", 86.614, 55.118, 0, 0, 0],
		[413, "PAD93_15", -530.044, -1243.206, "T", "SMD", "CS", "", "R", 86.614, 55.118, 0, 0, 0],
		[414, "PAD94_16", -530.044, -1164.406, "T", "SMD", "3V3", "", "R", 86.614, 55.118, 0, 0, 0],
		[415, "PAD95_1", 165, 428.09, "T", "SMD", "3V3", "", "O", 22.047, 68.701, 0, 0, 180],
		[416, "PAD96_2", 115, 428.09, "T", "SMD", "$1N4280", "", "O", 22.047, 68.701, 0, 0, 180],
		[417, "PAD97_3", 65, 428.09, "T", "SMD", "$1N3838", "", "O", 22.047, 68.701, 0, 0, 180],
		[418, "PAD98_4", 15, 428.09, "T", "SMD", "$1N4107", "", "O", 22.047, 68.701, 0, 0, 180],
		[419, "PAD99_5", -35, 428.09, "T", "SMD", "GND", "GND", "O", 22.047, 68.701, 0, 0, 180],
		[420, "PAD100_6", -85, 428.09, "T", "SMD", "$1N4072", "", "O", 22.047, 68.701, 0, 0, 180],
		[421, "PAD101_7", -135, 428.09, "T", "SMD", "$1N3910", "", "O", 22.047, 68.701, 0, 0, 180],
		[422, "PAD102_8", -185, 428.09, "T", "SMD", "$1N3948", "", "O", 22.047, 68.701, 0, 0, 180],
		[423, "PAD103_16", 165, 201.91, "T", "SMD", "3V3", "", "O", 22.047, 68.701, 0, 0, 180],
		[424, "PAD104_15", 115, 201.91, "T", "SMD", "GND", "GND", "O", 22.047, 68.701, 0, 0, 180],
		[425, "PAD105_14", 65, 201.91, "T", "SMD", "GND", "GND", "O", 22.047, 68.701, 0, 0, 180],
		[426, "PAD106_12", -35, 201.91, "T", "SMD", "HX_DOUT", "", "O", 22.047, 68.701, 0, 0, 180],
		[427, "PAD107_11", -85, 201.91, "T", "SMD", "HX_SCK", "", "O", 22.047, 68.701, 0, 0, 180],
		[428, "PAD108_10", -135, 201.91, "T", "SMD", "GND", "GND", "O", 22.047, 68.701, 0, 0, 180],
		[429, "PAD109_9", -185, 201.91, "T", "SMD", "GND", "GND", "O", 22.047, 68.701, 0, 0, 180],
		[430, "PAD110_10", -104.22, -794.68, "T", "SMD", "$1N4975", "", "R", 11.811, 19.685, 0, 0, 90],
		[431, "PAD111_9", -104.22, -775, "T", "SMD", "GND", "GND", "R", 11.811, 19.685, 0, 0, 90],
		[432, "PAD112_8", -104.22, -755.31, "T", "SMD", "GND", "GND", "R", 11.811, 19.685, 0, 0, 90],
		[433, "PAD113_6", -60.16, -740.7, "T", "SMD", "3V3", "", "R", 11.811, 19.685, 0, 0, 0],
		[434, "PAD114_5", -35.78, -755.31, "T", "SMD", "GND", "GND", "R", 11.811, 19.685, 0, 0, 270],
		[435, "PAD115_4", -35.78, -775, "T", "SMD", "SDA", "", "R", 11.811, 19.685, 0, 0, 270],
		[436, "PAD116_3", -35.78, -794.68, "T", "SMD", "GND", "GND", "R", 11.811, 19.685, 0, 0, 90],
		[437, "PAD117_2", -60.16, -809.3, "T", "SMD", "SCL", "", "R", 11.811, 19.685, 0, 0, 180],
		[438, "PAD118_1", -79.84, -809.3, "T", "SMD", "$1N4975", "", "R", 11.811, 19.685, 0, 0, 180],
		[439, "PAD119_1", 273.827, -794.53, "T", "SMD", "GND", "GND", "R", 26.575, 11.024, 0, 0, 180],
		[440, "PAD120_2", 273.827, -774.84, "T", "SMD", "GND", "GND", "R", 26.575, 11.024, 0, 0, 180],
		[441, "PAD121_3", 273.827, -755.16, "T", "SMD", "GND", "GND", "R", 26.575, 11.024, 0, 0, 180],
		[442, "PAD122_5", 243.827, -725.14, "T", "SMD", "3V3", "", "R", 11.024, 26.575, 0, 0, 180],
		[443, "PAD123_6", 224.147, -725.14, "T", "SMD", "GND", "GND", "R", 11.024, 26.575, 0, 0, 180],
		[444, "PAD124_7", 204.457, -725.14, "T", "SMD", "GND", "GND", "R", 11.024, 26.575, 0, 0, 180],
		[445, "PAD125_8", 174.457, -735.47, "T", "SMD", "3V3", "", "R", 26.575, 11.024, 0, 0, 180],
		[446, "PAD126_12", 204.457, -804.86, "T", "SMD", "3V3", "", "R", 11.024, 26.575, 0, 0, 180],
		[447, "PAD127_13", 224.147, -804.86, "T", "SMD", "SCL", "", "R", 11.024, 26.575, 0, 0, 180],
		[448, "PAD128_14", 243.827, -804.86, "T", "SMD", "SDA", "", "R", 11.024, 26.575, 0, 0, 180],
		[449, "PAD129_1", 1250, 226.105, "T", "DIP", "VCC", "", "C", 70.866, 70.866, 43.308, 43.308, 90],
		[450, "PAD129_1", 1250, 226.105, "B", "DIP", "VCC", "", "C", 70.866, 70.866, 43.308, 43.308, 90],
		[451, "PAD130_2", 1250, 363.895, "T", "DIP", "$1N6055", "", "C", 70.866, 70.866, 43.308, 43.308, 90],
		[452, "PAD130_2", 1250, 363.895, "B", "DIP", "$1N6055", "", "C", 70.866, 70.866, 43.308, 43.308, 90],
		[453, "PAD131_1", -1255, 363.895, "T", "DIP", "$1N6059", "", "C", 70.866, 70.866, 43.308, 43.308, 270],
		[454, "PAD131_1", -1255, 363.895, "B", "DIP", "$1N6059", "", "C", 70.866, 70.866, 43.308, 43.308, 270],
		[455, "PAD132_2", -1255, 226.105, "T", "DIP", "VCC", "", "C", 70.866, 70.866, 43.308, 43.308, 270],
		[456, "PAD132_2", -1255, 226.105, "B", "DIP", "VCC", "", "C", 70.866, 70.866, 43.308, 43.308, 270],
		[457, "PAD133_1", 657.8, 1070, "T", "DIP", "GPIO16", "", "C", 70.866, 70.866, 43.308, 43.308, 180],
		[458, "PAD133_1", 657.8, 1070, "B", "DIP", "GPIO16", "", "C", 70.866, 70.866, 43.308, 43.308, 180],
		[459, "PAD134_2", 520.005, 1070, "T", "DIP", "GPIO17", "", "C", 70.866, 70.866, 43.308, 43.308, 180],
		[460, "PAD134_2", 520.005, 1070, "B", "DIP", "GPIO17", "", "C", 70.866, 70.866, 43.308, 43.308, 180],
		[461, "PAD135_3", 382.21, 1070, "T", "DIP", "GPIO18", "", "C", 70.866, 70.866, 43.308, 43.308, 180],
		[462, "PAD135_3", 382.21, 1070, "B", "DIP", "GPIO18", "", "C", 70.866, 70.866, 43.308, 43.308, 180],
		[463, "PAD136_1", 1250, 541.105, "T", "DIP", "GPIO4", "", "C", 70.866, 70.866, 43.308, 43.308, 90],
		[464, "PAD136_1", 1250, 541.105, "B", "DIP", "GPIO4", "", "C", 70.866, 70.866, 43.308, 43.308, 90],
		[465, "PAD137_2", 1250, 678.895, "T", "DIP", "GPIO5", "", "C", 70.866, 70.866, 43.308, 43.308, 90],
		[466, "PAD137_2", 1250, 678.895, "B", "DIP", "GPIO5", "", "C", 70.866, 70.866, 43.308, 43.308, 90],
		[467, "PAD138_1", -1255, 678.895, "T", "DIP", "GPIO40", "", "C", 70.866, 70.866, 43.308, 43.308, 270],
		[468, "PAD138_1", -1255, 678.895, "B", "DIP", "GPIO40", "", "C", 70.866, 70.866, 43.308, 43.308, 270],
		[469, "PAD139_2", -1255, 541.105, "T", "DIP", "GPIO42", "", "C", 70.866, 70.866, 43.308, 43.308, 270],
		[470, "PAD139_2", -1255, 541.105, "B", "DIP", "GPIO42", "", "C", 70.866, 70.866, 43.308, 43.308, 270],
		[471, "PAD140_1", -1255, 43.895, "T", "DIP", "GPIO41", "", "C", 70.866, 70.866, 43.308, 43.308, 270],
		[472, "PAD140_1", -1255, 43.895, "B", "DIP", "GPIO41", "", "C", 70.866, 70.866, 43.308, 43.308, 270],
		[473, "PAD141_2", -1255, -93.895, "T", "DIP", "GPIO2", "", "C", 70.866, 70.866, 43.308, 43.308, 270],
		[474, "PAD141_2", -1255, -93.895, "B", "DIP", "GPIO2", "", "C", 70.866, 70.866, 43.308, 43.308, 270],
		[475, "PAD142_1", -372.2, 1070, "T", "DIP", "GPIO21", "", "C", 70.866, 70.866, 43.308, 43.308, 180],
		[476, "PAD142_1", -372.2, 1070, "B", "DIP", "GPIO21", "", "C", 70.866, 70.866, 43.308, 43.308, 180],
		[477, "PAD143_2", -509.995, 1070, "T", "DIP", "GPIO47", "", "C", 70.866, 70.866, 43.308, 43.308, 180],
		[478, "PAD143_2", -509.995, 1070, "B", "DIP", "GPIO47", "", "C", 70.866, 70.866, 43.308, 43.308, 180],
		[479, "PAD144_3", -647.79, 1070, "T", "DIP", "GPIO12", "", "C", 70.866, 70.866, 43.308, 43.308, 180],
		[480, "PAD144_3", -647.79, 1070, "B", "DIP", "GPIO12", "", "C", 70.866, 70.866, 43.308, 43.308, 180],
		[481, "PAD145_1", 1255, -93.895, "T", "DIP", "SDA", "", "C", 70.866, 70.866, 43.308, 43.308, 90],
		[482, "PAD145_1", 1255, -93.895, "B", "DIP", "SDA", "", "C", 70.866, 70.866, 43.308, 43.308, 90],
		[483, "PAD146_2", 1255, 43.895, "T", "DIP", "SCL", "", "C", 70.866, 70.866, 43.308, 43.308, 90],
		[484, "PAD146_2", 1255, 43.895, "B", "DIP", "SCL", "", "C", 70.866, 70.866, 43.308, 43.308, 90],
		[485, "PAD147_1", -1255, -276.105, "T", "DIP", "CS", "", "C", 70.866, 70.866, 43.308, 43.308, 270],
		[486, "PAD147_1", -1255, -276.105, "B", "DIP", "CS", "", "C", 70.866, 70.866, 43.308, 43.308, 270],
		[487, "PAD148_2", -1255, -413.895, "T", "DIP", "MOSI", "", "C", 70.866, 70.866, 43.308, 43.308, 270],
		[488, "PAD148_2", -1255, -413.895, "B", "DIP", "MOSI", "", "C", 70.866, 70.866, 43.308, 43.308, 270],
		[489, "PAD149_1", -1255, -591.105, "T", "DIP", "MISO", "", "C", 70.866, 70.866, 43.308, 43.308, 270],
		[490, "PAD149_1", -1255, -591.105, "B", "DIP", "MISO", "", "C", 70.866, 70.866, 43.308, 43.308, 270],
		[491, "PAD150_2", -1255, -728.895, "T", "DIP", "SCK", "", "C", 70.866, 70.866, 43.308, 43.308, 270],
		[492, "PAD150_2", -1255, -728.895, "B", "DIP", "SCK", "", "C", 70.866, 70.866, 43.308, 43.308, 270],
		[493, "PAD151_1", -841.105, 1075, "T", "DIP", "GND", "GND", "C", 70.866, 70.866, 43.308, 43.308, 180],
		[494, "PAD151_1", -841.105, 1075, "B", "DIP", "GND", "GND", "C", 70.866, 70.866, 43.308, 43.308, 180],
		[495, "PAD152_2", -978.895, 1075, "T", "DIP", "3V3", "", "C", 70.866, 70.866, 43.308, 43.308, 180],
		[496, "PAD152_2", -978.895, 1075, "B", "DIP", "3V3", "", "C", 70.866, 70.866, 43.308, 43.308, 180],
		[497, "PAD153_1", 978.895, 1070, "T", "DIP", "GND", "GND", "C", 70.866, 70.866, 43.308, 43.308, 180],
		[498, "PAD153_1", 978.895, 1070, "B", "DIP", "GND", "GND", "C", 70.866, 70.866, 43.308, 43.308, 180],
		[499, "PAD154_2", 841.105, 1070, "T", "DIP", "3V3", "", "C", 70.866, 70.866, 43.308, 43.308, 180],
		[500, "PAD154_2", 841.105, 1070, "B", "DIP", "3V3", "", "C", 70.866, 70.866, 43.308, 43.308, 180],
		[501, "PAD155_1", 1136.495, -1420.985, "T", "SMD", "GND", "GND", "R", 21.654, 43.307, 0, 0, 90],
		[502, "PAD156_2", 1136.495, -1389.485, "T", "SMD", "VCC", "", "R", 21.654, 43.307, 0, 0, 90],
		[503, "PAD157_4", 1136.495, -1344.205, "T", "SMD", "CC1", "", "R", 11.811, 43.307, 0, 0, 90],
		[504, "PAD158_5", 1136.495, -1324.525, "T", "SMD", "DN", "", "R", 11.811, 43.307, 0, 0, 90],
		[505, "PAD159_6", 1136.495, -1304.845, "T", "SMD", "DP", "", "R", 11.811, 43.307, 0, 0, 90],
		[506, "PAD160_7", 1136.495, -1285.155, "T", "SMD", "DN", "", "R", 11.811, 43.307, 0, 0, 90],
		[507, "PAD161_8", 1136.495, -1265.475, "T", "SMD", "DP", "", "R", 11.811, 43.307, 0, 0, 90],
		[508, "PAD162_10", 1136.495, -1226.095, "T", "SMD", "CC2", "", "R", 11.811, 43.307, 0, 0, 90],
		[509, "PAD163_11", 1136.495, -1200.505, "T", "SMD", "VCC", "", "R", 21.654, 43.307, 0, 0, 90],
		[510, "PAD164_12", 1136.495, -1169.015, "T", "SMD", "GND", "GND", "R", 21.654, 43.307, 0, 0, 90],
		[511, "PAD165_13", 1158.145, -1465.275, "T", "DIP", "GND", "GND", "O", 43.307, 78.74, 23.622, 59.055, 90],
		[512, "PAD165_13", 1158.145, -1465.275, "B", "DIP", "GND", "GND", "O", 43.307, 78.74, 23.622, 59.055, 90],
		[513, "PAD166_14", 1158.145, -1124.725, "T", "DIP", "GND", "GND", "O", 43.307, 78.74, 23.622, 59.056, 90],
		[514, "PAD166_14", 1158.145, -1124.725, "B", "DIP", "GND", "GND", "O", 43.307, 78.74, 23.622, 59.056, 90],
		[515, "PAD167_13", 1323.505, -1465.275, "T", "DIP", "GND", "GND", "O", 47.244, 70.866, 23.622, 47.244, 90],
		[516, "PAD167_13", 1323.505, -1465.275, "B", "DIP", "GND", "GND", "O", 47.244, 70.866, 23.622, 47.244, 90],
		[517, "PAD168_14", 1323.505, -1124.725, "T", "DIP", "GND", "GND", "O", 47.244, 70.866, 23.622, 47.244, 90],
		[518, "PAD168_14", 1323.505, -1124.725, "B", "DIP", "GND", "GND", "O", 47.244, 70.866, 23.622, 47.244, 90],
		[519, "PAD169_2", 595, -1902.56, "T", "SMD", "GND", "GND", "R", 31.496, 35.433, 0, 0, 270],
		[520, "PAD170_1", 595, -1847.44, "T", "SMD", "3V3", "", "R", 31.496, 35.433, 0, 0, 270],
		[521, "PAD171_1", -97.0347, -1117.6059, "T", "SMD", "HX_DOUT", "", "C", 19.685, 19.685, 0, 0, 0],
		[522, "PAD172_1", -52.0347, -1136.9759, "T", "SMD", "HX_SCK", "", "C", 19.685, 19.685, 0, 0, 0],
		[523, "PAD173_2", 930, -972.56, "T", "SMD", "GND", "GND", "R", 31.496, 35.433, 0, 0, 270],
		[524, "PAD174_1", 930, -917.44, "T", "SMD", "VCC", "", "R", 31.496, 35.433, 0, 0, 270],
		[525, "PAD175_2", 640, -1082.56, "T", "SMD", "GND", "GND", "R", 31.496, 35.433, 0, 0, 270],
		[526, "PAD176_1", 640, -1027.44, "T", "SMD", "3V3", "", "R", 31.496, 35.433, 0, 0, 270],
		[527, "PAD177_2", 205, 622.44, "T", "SMD", "GND", "GND", "R", 31.496, 35.433, 0, 0, 270],
		[528, "PAD178_1", 205, 677.56, "T", "SMD", "$1N3838", "", "R", 31.496, 35.433, 0, 0, 270],
		[529, "PAD179_2", 265, 337.56, "T", "SMD", "3V3", "", "R", 31.496, 35.433, 0, 0, 90],
		[530, "PAD180_1", 265, 282.44, "T", "SMD", "GND", "GND", "R", 31.496, 35.433, 0, 0, 90],
		[531, "PAD181_2", 577.56, -1770, "T", "SMD", "GND", "GND", "R", 31.496, 35.433, 0, 0, 0],
		[532, "PAD182_1", 522.44, -1770, "T", "SMD", "EN", "", "R", 31.496, 35.433, 0, 0, 0],
		[533, "PAD183_2", -330, -462.56, "T", "SMD", "EN", "", "R", 31.496, 35.433, 0, 0, 270],
		[534, "PAD184_1", -330, -407.44, "T", "SMD", "GND", "GND", "R", 31.496, 35.433, 0, 0, 270],
		[535, "PAD185_2", -340, -607.44, "T", "SMD", "IO0", "", "R", 31.496, 35.433, 0, 0, 90],
		[536, "PAD186_1", -340, -662.56, "T", "SMD", "GND", "GND", "R", 31.496, 35.433, 0, 0, 90],
		[537, "PAD187_2", 505, -1902.56, "T", "SMD", "GND", "GND", "R", 31.496, 35.433, 0, 0, 270],
		[538, "PAD188_1", 505, -1847.44, "T", "SMD", "3V3", "", "R", 31.496, 35.433, 0, 0, 270],
		[539, "PAD189_2", -164.997, 677.556, "T", "SMD", "$1N3948", "", "R", 31.496, 35.433, 0, 0, 90],
		[540, "PAD190_1", -164.997, 622.436, "T", "SMD", "$1N3910", "", "R", 31.496, 35.433, 0, 0, 90],
		[541, "PAD191_2", 125, 622.44, "T", "SMD", "$1N4072", "", "R", 31.496, 35.433, 0, 0, 270],
		[542, "PAD192_1", 125, 677.56, "T", "SMD", "GND", "GND", "R", 31.496, 35.433, 0, 0, 270],
		[543, "PAD193_2", -162.442, -810.0015, "T", "SMD", "$1N4975", "", "R", 31.496, 35.433, 0, 0, 270],
		[544, "PAD194_1", -162.442, -754.8815, "T", "SMD", "GND", "GND", "R", 31.496, 35.433, 0, 0, 270],
		[545, "PAD195_2", -112.56, -680, "T", "SMD", "GND", "GND", "R", 31.496, 35.433, 0, 0, 180],
		[546, "PAD196_1", -57.44, -680, "T", "SMD", "3V3", "", "R", 31.496, 35.433, 0, 0, 180],
		[547, "PAD197_2", 115, -797.56, "T", "SMD", "GND", "GND", "R", 31.496, 35.433, 0, 0, 270],
		[548, "PAD198_1", 115, -742.44, "T", "SMD", "3V3", "", "R", 31.496, 35.433, 0, 0, 270],
		[549, "PAD199_2", 194.88, -662.56, "T", "SMD", "GND", "GND", "R", 31.496, 35.433, 0, 0, 180],
		[550, "PAD200_1", 250, -662.56, "T", "SMD", "3V3", "", "R", 31.496, 35.433, 0, 0, 180],
		[551, "PAD201_2", -230, -259.66, "T", "SMD", "$1N6050", "", "R", 31.751, 34.016, 0, 0, 270],
		[552, "PAD202_1", -230, -200.34, "T", "SMD", "PYRO_SIG_1", "", "R", 31.751, 34.016, 0, 0, 270],
		[553, "PAD203_2", 181.6096, -324.66, "T", "SMD", "PYRO_SIG_2", "", "R", 31.751, 34.016, 0, 0, 270],
		[554, "PAD204_1", 181.6096, -265.34, "T", "SMD", "$1N6051", "", "R", 31.751, 34.016, 0, 0, 270],
		[555, "PAD205_2", 250, -265.34, "T", "SMD", "$1N6051", "", "R", 31.751, 34.016, 0, 0, 90],
		[556, "PAD206_1", 250, -324.66, "T", "SMD", "GND", "GND", "R", 31.751, 34.016, 0, 0, 90],
		[557, "PAD207_2", 840.34, -645, "T", "SMD", "$1N2017", "", "R", 31.751, 34.016, 0, 0, 180],
		[558, "PAD208_1", 899.66, -645, "T", "SMD", "GND", "GND", "R", 31.751, 34.016, 0, 0, 180],
		[559, "PAD209_2", 584.66, -1695, "T", "SMD", "3V3", "", "R", 31.751, 34.016, 0, 0, 0],
		[560, "PAD210_1", 525.34, -1695, "T", "SMD", "EN", "", "R", 31.751, 34.016, 0, 0, 0],
		[561, "PAD211_2", -160, -200.34, "T", "SMD", "GND", "GND", "R", 31.751, 34.016, 0, 0, 90],
		[562, "PAD212_1", -160, -259.66, "T", "SMD", "$1N6050", "", "R", 31.751, 34.016, 0, 0, 90],
		[563, "PAD213_2", 985, -1479.66, "T", "SMD", "GND", "GND", "R", 31.751, 34.016, 0, 0, 270],
		[564, "PAD214_1", 985, -1420.34, "T", "SMD", "CC1", "", "R", 31.751, 34.016, 0, 0, 270],
		[565, "PAD215_2", 985, -1095.34, "T", "SMD", "GND", "GND", "R", 31.751, 34.016, 0, 0, 90],
		[566, "PAD216_1", 985, -1154.66, "T", "SMD", "CC2", "", "R", 31.751, 34.016, 0, 0, 90],
		[567, "PAD217_2", 45, 679.66, "T", "SMD", "$1N3838", "", "R", 31.751, 34.016, 0, 0, 90],
		[568, "PAD218_1", 45, 620.34, "T", "SMD", "$1N4107", "", "R", 31.751, 34.016, 0, 0, 90],
		[569, "PAD219_2", -25, 679.66, "T", "SMD", "$1N4107", "", "R", 31.751, 34.016, 0, 0, 90],
		[570, "PAD220_1", -25, 620.34, "T", "SMD", "GND", "GND", "R", 31.751, 34.016, 0, 0, 90],
		[571, "PAD221_2", -95, 620.34, "T", "SMD", "$1N3910", "", "R", 31.751, 34.016, 0, 0, 270],
		[572, "PAD222_1", -95, 679.66, "T", "SMD", "$1N3880", "", "R", 31.751, 34.016, 0, 0, 270],
		[573, "PAD223_2", -235, 620.34, "T", "SMD", "$1N3948", "", "R", 31.751, 34.016, 0, 0, 270],
		[574, "PAD224_1", -235, 679.66, "T", "SMD", "$1N3916", "", "R", 31.751, 34.016, 0, 0, 270],
		[575, "PAD225_1", 257.6, 485.63, "T", "SMD", "$1N4280", "", "R", 49.213, 27.559, 0, 0, 270],
		[576, "PAD226_2", 332.4, 485.63, "T", "SMD", "3V3", "", "R", 49.213, 27.559, 0, 0, 270],
		[577, "PAD227_3", 295, 564.37, "T", "SMD", "$1N3838", "", "R", 49.213, 27.559, 0, 0, 270],
		[578, "PAD228_2", 789.66, -1245, "T", "SMD", "USB_D+", "", "R", 31.751, 34.016, 0, 0, 0],
		[579, "PAD229_1", 730.34, -1245, "T", "SMD", "USB_DP", "", "R", 31.751, 34.016, 0, 0, 0],
		[580, "PAD230_2", 789.66, -1310, "T", "SMD", "USB_D-", "", "R", 31.751, 34.016, 0, 0, 0],
		[581, "PAD231_1", 730.34, -1310, "T", "SMD", "USB_DN", "", "R", 31.751, 34.016, 0, 0, 0],
		[582, "PAD232_2", 184.66, -1035, "T", "SMD", "3V3", "", "R", 31.751, 34.016, 0, 0, 0],
		[583, "PAD233_1", 125.34, -1035, "T", "SMD", "SDA", "", "R", 31.751, 34.016, 0, 0, 0],
		[584, "PAD234_2", -9.66, -1035, "T", "SMD", "3V3", "", "R", 31.751, 34.016, 0, 0, 180],
		[585, "PAD235_1", 49.66, -1035, "T", "SMD", "SCL", "", "R", 31.751, 34.016, 0, 0, 180]
	]
}
}