{
"lengthUnit": "mil",
"remark": [],
"components": {
	"fields": ["COMPONENT_NO", "COMPONENT_NAME", "LAYER", "X_COORDINATE", "Y_COORDINATE", "ANGLE"],
	"rows": [
		[1, "H1", "T", 5, -1405, 0],
		[2, "LED1", "T", -145.352, -1558.8158, 180],
		[3, "R1", "T", 139.648, -1558.8158, 180],
		[4, "U3", "T", 0, -1855, 0],
		[5, "U4", "T", 0, -890, 270],
		[6, "U6", "T", 0, 0, 0],
		[7, "PAD1", "T", -141.73, -1855, 0],
		[8, "PAD1", "B", -141.73, -1855, 0],
		[9, "PAD2", "T", 141.73, -1855, 0],
		[10, "PAD2", "B", 141.73, -1855, 0],
		[11, "PAD3", "T", -314.964, -614.406, 0],
		[12, "PAD4", "T", -314.964, -693.146, 0],
		[13, "PAD5", "T", -314.964, -771.886, 0],
		[14, "PAD6", "T", -314.964, -850.626, 0],
		[15, "PAD7", "T", -314.964, -929.366, 0],
		[16, "PAD8", "T", 314.956, -1165.586, 0],
		[17, "PAD9", "T", 314.956, -929.366, 0],
		[18, "PAD10", "T", 314.956, -850.626, 0],
		[19, "PAD11", "T", 314.956, -771.886, 0],
		[20, "PAD12", "T", 314.956, -693.206, 0],
		[21, "PAD13", "T", 314.956, -614.406, 0],
		[22, "PAD14", "T", -334.64, -300, 0],
		[23, "PAD15", "T", -334.64, -200, 0],
		[24, "PAD16", "T", -334.64, -100, 0],
		[25, "PAD17", "T", -334.64, 0, 0],
		[26, "PAD18", "T", -334.64, 100, 0],
		[27, "PAD19", "T", -334.64, 200, 0],
		[28, "PAD20", "T", -334.64, 300, 0],
		[29, "PAD21", "T", 334.64, -300, 0],
		[30, "PAD22", "T", 334.64, -200, 0],
		[31, "PAD23", "T", 334.64, -100, 0],
		[32, "PAD24", "T", 334.64, 0, 0],
		[33, "PAD25", "T", 334.64, 100, 0],
		[34, "PAD26", "T", 334.64, 200, 0],
		[35, "PAD27", "T", 334.64, 300, 0],
		[36, "PAD28", "T", 82.68, -23.62, 0],
		[37, "PAD29", "T", -177.16, 90.55, 0],
		[38, "PAD30", "T", -177.16, 15.75, 0],
		[39, "PAD31", "T", -95.352, -1558.8158, 0],
		[40, "PAD31", "B", -95.352, -1558.8158, 0],
		[41, "PAD32", "T", -195.352, -1558.8158, 0],
		[42, "PAD32", "B", -195.352, -1558.8158, 0],
		[43, "PAD33", "T", -195, -1405, 0],
		[44, "PAD33", "B", -195, -1405, 0],
		[45, "PAD34", "T", -95, -1405, 0],
		[46, "PAD34", "B", -95, -1405, 0],
		[47, "PAD35", "T", 5, -1405, 0],
		[48, "PAD35", "B", 5, -1405, 0],
		[49, "PAD36", "T", 105, -1405, 0],
		[50, "PAD36", "B", 105, -1405, 0],
		[51, "PAD37", "T", 205, -1405, 0],
		[52, "PAD37", "B", 205, -1405, 0],
		[53, "PAD38", "T", 281.378, -1558.8158, 0],
		[54, "PAD38", "B", 281.378, -1558.8158, 0],
		[55, "PAD39", "T", -2.082, -1558.8158, 0],
		[56, "PAD39", "B", -2.082, -1558.8158, 0]
	]
},
"pins": {
	"fields": ["PIN_NO", "PIN_NAME", "PIN_X", "PIN_Y", "LAYER", "PIN_TYPE", "NET_NAME", "NET_TYPE", "PAD_SHAPE", "PAD_SIZEX", "PAD_SIZEY", "HOLE_SIZE", "HOLE_LEN", "PAD_ANGLE"],
	"rows": [
		[1, "H1_1", -195, -1405, "T", "DIP", "21", "", "R", 66.929, 66.929, 43.308, 43.308, 0],
		[2, "H1_1", -195, -1405, "B", "DIP", "21", "", "R", 66.929, 66.929, 43.308, 43.308, 0],
		[3, "H1_2", -95, -1405, "T", "DIP", "6", "", "C", 66.929, 66.929, 43.308, 43.308, 0],
		[4, "H1_2", -95, -1405, "B", "DIP", "6", "", "C", 66.929, 66.929, 43.308, 43.308, 0],
		[5, "H1_3", 5, -1405, "T", "DIP", "VBUS", "", "C", 66.929, 66.929, 43.308, 43.308, 0],
		[6, "H1_3", 5, -1405, "B", "DIP", "VBUS", "", "C", 66.929, 66.929, 43.308, 43.308, 0],
		[7, "H1_4", 105, -1405, "T", "DIP", "5", "", "C", 66.929, 66.929, 43.308, 43.308, 0],
		[8, "H1_4", 105, -1405, "B", "DIP", "5", "", "C", 66.929, 66.929, 43.308, 43.308, 0],
		[9, "H1_5", 205, -1405, "T", "DIP", "4", "", "C", 66.929, 66.929, 43.308, 43.308, 0],
		[10, "H1_5", 205, -1405, "B", "DIP", "4", "", "C", 66.929, 66.929, 43.308, 43.308, 0],
		[11, "LED1_1", -95.352, -1558.8158, "T", "DIP", "$1N1969", "", "C", 60, 60, 36, 36, 180],
		[12, "LED1_1", -95.352, -1558.8158, "B", "DIP", "$1N1969", "", "C", 60, 60, 36, 36, 180],
		[13, "LED1_2", -195.352, -1558.8158, "T", "DIP", "LED", "", "C", 60, 60, 36, 36, 180],
		[14, "LED1_2", -195.352, -1558.8158, "B", "DIP", "LED", "", "C", 60, 60, 36, 36, 180],
		[15, "R1_1", 281.378, -1558.8158, "T", "DIP", "GND", "GND", "C", 47.244, 47.244, 31.496, 31.496, 180],
		[16, "R1_1", 281.378, -1558.8158, "B", "DIP", "GND", "GND", "C", 47.244, 47.244, 31.496, 31.496, 180],
		[17, "R1_2", -2.082, -1558.8158, "T", "DIP", "$1N1969", "", "C", 47.244, 47.244, 31.496, 31.496, 180],
		[18, "R1_2", -2.082, -1558.8158, "B", "DIP", "$1N1969", "", "C", 47.244, 47.244, 31.496, 31.496, 180],
		[19, "U3_1", -141.73, -1855, "T", "DIP", "GND", "GND", "C", 228.346, 228.346, 173.228, 173.228, 0],
		[20, "U3_1", -141.73, -1855, "B", "DIP", "GND", "GND", "C", 228.346, 228.346, 173.228, 173.228, 0],
		[21, "U3_2", 141.73, -1855, "T", "DIP", "$1N961", "", "C", 228.346, 228.346, 173.228, 173.228, 0],
		[22, "U3_2", 141.73, -1855, "B", "DIP", "$1N961", "", "C", 228.346, 228.346, 173.228, 173.228, 0],
		[23, "U4_1", -314.964, -614.406, "T", "SMD", "GND", "GND", "R", 86.614, 55.118, 0, 0, 0],
		[24, "U4_2", -314.964, -693.146, "T", "SMD", "GND", "GND", "R", 86.614, 55.118, 0, 0, 0],
		[25, "U4_3", -314.964, -771.886, "T", "SMD", "3V3", "", "R", 86.614, 55.118, 0, 0, 0],
		[26, "U4_4", -314.964, -850.626, "T", "SMD", "RA_RST", "", "R", 86.614, 55.118, 0, 0, 0],
		[27, "U4_5", -314.964, -929.366, "T", "SMD", "DIO0", "", "R", 86.614, 55.118, 0, 0, 0],
		[28, "U4_6", -314.964, -1008.106, "T", "SMD", "NET_1", "", "R", 86.614, 55.118, 0, 0, 0],
		[29, "U4_7", -314.964, -1086.846, "T", "SMD", "NET_2", "", "R", 86.614, 55.118, 0, 0, 0],
		[30, "U4_8", -314.964, -1165.586, "T", "SMD", "NET_3", "", "R", 86.614, 55.118, 0, 0, 0],
		[31, "U4_9", 314.956, -1165.586, "T", "SMD", "GND", "GND", "R", 86.614, 55.118, 0, 0, 0],
		[32, "U4_10", 314.956, -1086.846, "T", "SMD", "NET_4", "", "R", 86.614, 55.118, 0, 0, 0],
		[33, "U4_11", 314.956, -1008.106, "T", "SMD", "NET_5", "", "R", 86.614, 55.118, 0, 0, 0],
		[34, "U4_12", 314.956, -929.366, "T", "SMD", "SCK", "", "R", 86.614, 55.118, 0, 0, 0],
		[35, "U4_13", 314.956, -850.626, "T", "SMD", "MISO", "", "R", 86.614, 55.118, 0, 0, 0],
		[36, "U4_14", 314.956, -771.886, "T", "SMD", "MOSI", "", "R", 86.614, 55.118, 0, 0, 0],
		[37, "U4_15", 314.956, -693.206, "T", "SMD", "CS", "", "R", 86.614, 55.118, 0, 0, 0],
		[38, "U4_16", 314.956, -614.406, "T", "SMD", "3V3", "", "R", 86.614, 55.118, 0, 0, 0],
		[39, "U6_1", -334.64, 300, "T", "SMD", "DIO0", "", "R", 118.11, 78.74, 0, 0, 0],
		[40, "U6_2", -334.64, 200, "T", "SMD", "RA_RST", "", "R", 118.11, 78.74, 0, 0, 0],
		[41, "U6_3", -334.64, 100, "T", "SMD", "4", "", "R", 118.11, 78.74, 0, 0, 0],
		[42, "U6_4", -334.64, 0, "T", "SMD", "5", "", "R", 118.11, 78.74, 0, 0, 0],
		[43, "U6_5", -334.64, -100, "T", "SMD", "6", "", "R", 118.11, 78.74, 0, 0, 0],
		[44, "U6_6", -334.64, -200, "T", "SMD", "LED", "", "R", 118.11, 78.74, 0, 0, 0],
		[45, "U6_7", -334.64, -300, "T", "SMD", "21", "", "R", 118.11, 78.74, 0, 0, 0],
		[46, "U6_8", 334.64, -300, "T", "SMD", "CS", "", "R", 118.11, 78.74, 0, 0, 0],
		[47, "U6_9", 334.64, -200, "T", "SMD", "SCK", "", "R", 118.11, 78.74, 0, 0, 0],
		[48, "U6_10", 334.64, -100, "T", "SMD", "MISO", "", "R", 118.11, 78.74, 0, 0, 0],
		[49, "U6_11", 334.64, 0, "T", "SMD", "MOSI", "", "R", 118.11, 78.74, 0, 0, 0],
		[50, "U6_12", 334.64, 100, "T", "SMD", "3V3", "", "R", 118.11, 78.74, 0, 0, 0],
		[51, "U6_13", 334.64, 200, "T", "SMD", "GND", "GND", "R", 118.11, 78.74, 0, 0, 0],
		[52, "U6_14", 334.64, 300, "T", "SMD", "VBUS", "", "R", 118.11, 78.74, 0, 0, 0],
		[53, "U6_15", -177.16, 15.75, "T", "SMD", "$1N961", "", "R", 80, 60, 0, 0, 180],
		[54, "U6_16", -177.16, 90.55, "T", "SMD", "GND", "GND", "R", 80, 60, 0, 0, 180],
		[55, "U6_17", 82.68, -23.62, "T", "SMD", "GND", "GND", "R", 137.79, 137.79, 0, 0, 90],
		[56, "PAD1_1", -141.73, -1855, "T", "DIP", "GND", "GND", "C", 228.346, 228.346, 173.228, 173.228, 0],
		[57, "PAD1_1", -141.73, -1855, "B", "DIP", "GND", "GND", "C", 228.346, 228.346, 173.228, 173.228, 0],
		[58, "PAD2_2", 141.73, -1855, "T", "DIP", "$1N961", "", "C", 228.346, 228.346, 173.228, 173.228, 0],
		[59, "PAD2_2", 141.73, -1855, "B", "DIP", "$1N961", "", "C", 228.346, 228.346, 173.228, 173.228, 0],
		[60, "PAD3_1", -314.964, -614.406, "T", "SMD", "GND", "GND", "R", 86.614, 55.118, 0, 0, 0],
		[61, "PAD4_2", -314.964, -693.146, "T", "SMD", "GND", "GND", "R", 86.614, 55.118, 0, 0, 0],
		[62, "PAD5_3", -314.964, -771.886, "T", "SMD", "3V3", "", "R", 86.614, 55.118, 0, 0, 0],
		[63, "PAD6_4", -314.964, -850.626, "T", "SMD", "RA_RST", "", "R", 86.614, 55.118, 0, 0, 0],
		[64, "PAD7_5", -314.964, -929.366, "T", "SMD", "DIO0", "", "R", 86.614, 55.118, 0, 0, 0],
		[65, "PAD8_9", 314.956, -1165.586, "T", "SMD", "GND", "GND", "R", 86.614, 55.118, 0, 0, 0],
		[66, "PAD9_12", 314.956, -929.366, "T", "SMD", "SCK", "", "R", 86.614, 55.118, 0, 0, 0],
		[67, "PAD10_13", 314.956, -850.626, "T", "SMD", "MISO", "", "R", 86.614, 55.118, 0, 0, 0],
		[68, "PAD11_14", 314.956, -771.886, "T", "SMD", "MOSI", "", "R", 86.614, 55.118, 0, 0, 0],
		[69, "PAD12_15", 314.956, -693.206, "T", "SMD", "CS", "", "R", 86.614, 55.118, 0, 0, 0],
		[70, "PAD13_16", 314.956, -614.406, "T", "SMD", "3V3", "", "R", 86.614, 55.118, 0, 0, 0],
		[71, "PAD14_7", -334.64, -300, "T", "SMD", "21", "", "R", 118.11, 78.74, 0, 0, 0],
		[72, "PAD15_6", -334.64, -200, "T", "SMD", "LED", "", "R", 118.11, 78.74, 0, 0, 0],
		[73, "PAD16_5", -334.64, -100, "T", "SMD", "6", "", "R", 118.11, 78.74, 0, 0, 0],
		[74, "PAD17_4", -334.64, 0, "T", "SMD", "5", "", "R", 118.11, 78.74, 0, 0, 0],
		[75, "PAD18_3", -334.64, 100, "T", "SMD", "4", "", "R", 118.11, 78.74, 0, 0, 0],
		[76, "PAD19_2", -334.64, 200, "T", "SMD", "RA_RST", "", "R", 118.11, 78.74, 0, 0, 0],
		[77, "PAD20_1", -334.64, 300, "T", "SMD", "DIO0", "", "R", 118.11, 78.74, 0, 0, 0],
		[78, "PAD21_8", 334.64, -300, "T", "SMD", "CS", "", "R", 118.11, 78.74, 0, 0, 0],
		[79, "PAD22_9", 334.64, -200, "T", "SMD", "SCK", "", "R", 118.11, 78.74, 0, 0, 0],
		[80, "PAD23_10", 334.64, -100, "T", "SMD", "MISO", "", "R", 118.11, 78.74, 0, 0, 0],
		[81, "PAD24_11", 334.64, 0, "T", "SMD", "MOSI", "", "R", 118.11, 78.74, 0, 0, 0],
		[82, "PAD25_12", 334.64, 100, "T", "SMD", "3V3", "", "R", 118.11, 78.74, 0, 0, 0],
		[83, "PAD26_13", 334.64, 200, "T", "SMD", "GND", "GND", "R", 118.11, 78.74, 0, 0, 0],
		[84, "PAD27_14", 334.64, 300, "T", "SMD", "VBUS", "", "R", 118.11, 78.74, 0, 0, 0],
		[85, "PAD28_17", 82.68, -23.62, "T", "SMD", "GND", "GND", "R", 137.79, 137.79, 0, 0, 90],
		[86, "PAD29_16", -177.16, 90.55, "T", "SMD", "GND", "GND", "R", 80, 60, 0, 0, 180],
		[87, "PAD30_15", -177.16, 15.75, "T", "SMD", "$1N961", "", "R", 80, 60, 0, 0, 180],
		[88, "PAD31_1", -95.352, -1558.8158, "T", "DIP", "$1N1969", "", "C", 60, 60, 36, 36, 180],
		[89, "PAD31_1", -95.352, -1558.8158, "B", "DIP", "$1N1969", "", "C", 60, 60, 36, 36, 180],
		[90, "PAD32_2", -195.352, -1558.8158, "T", "DIP", "LED", "", "C", 60, 60, 36, 36, 180],
		[91, "PAD32_2", -195.352, -1558.8158, "B", "DIP", "LED", "", "C", 60, 60, 36, 36, 180],
		[92, "PAD33_1", -195, -1405, "T", "DIP", "21", "", "R", 66.929, 66.929, 43.308, 43.308, 0],
		[93, "PAD33_1", -195, -1405, "B", "DIP", "21", "", "R", 66.929, 66.929, 43.308, 43.308, 0],
		[94, "PAD34_2", -95, -1405, "T", "DIP", "6", "", "C", 66.929, 66.929, 43.308, 43.308, 0],
		[95, "PAD34_2", -95, -1405, "B", "DIP", "6", "", "C", 66.929, 66.929, 43.308, 43.308, 0],
		[96, "PAD35_3", 5, -1405, "T", "DIP", "VBUS", "", "C", 66.929, 66.929, 43.308, 43.308, 0],
		[97, "PAD35_3", 5, -1405, "B", "DIP", "VBUS", "", "C", 66.929, 66.929, 43.308, 43.308, 0],
		[98, "PAD36_4", 105, -1405, "T", "DIP", "5", "", "C", 66.929, 66.929, 43.308, 43.308, 0],
		[99, "PAD36_4", 105, -1405, "B", "DIP", "5", "", "C", 66.929, 66.929, 43.308, 43.308, 0],
		[100, "PAD37_5", 205, -1405, "T", "DIP", "4", "", "C", 66.929, 66.929, 43.308, 43.308, 0],
		[101, "PAD37_5", 205, -1405, "B", "DIP", "4", "", "C", 66.929, 66.929, 43.308, 43.308, 0],
		[102, "PAD38_1", 281.378, -1558.8158, "T", "DIP", "GND", "GND", "C", 47.244, 47.244, 31.496, 31.496, 180],
		[103, "PAD38_1", 281.378, -1558.8158, "B", "DIP", "GND", "GND", "C", 47.244, 47.244, 31.496, 31.496, 180],
		[104, "PAD39_2", -2.082, -1558.8158, "T", "DIP", "$1N1969", "", "C", 47.244, 47.244, 31.496, 31.496, 180],
		[105, "PAD39_2", -2.082, -1558.8158, "B", "DIP", "$1N1969", "", "C", 47.244, 47.244, 31.496, 31.496, 180]
	]
}
}